,0
0,0.9
1,0.6
2,0.6
3,0.9
4,0.6
5,0.3
6,1.2
7,0.3
8,0
9,0
10,0.6
11,0.6
12,0.3
13,0.6
14,0.3
15,0.3
16,0.3
17,0.3
18,0.6
19,0.9
20,0.3
21,0.6
22,0.3
23,0.6
24,0.3
25,0.6
26,0.9
27,0.9
28,0.3
29,0.9
30,0
31,0.9
32,0
33,0.6
34,1.2
35,0.3
36,0
37,0
38,0
39,0.9
40,0.3
41,0.9
42,0.9
43,0.6
44,0.3
45,0
46,0.3
47,0.9
48,0.6
49,0.9
50,0.6
51,0
52,0.6
53,0.6
54,1.2
55,0.9
56,1.2
57,0.3
58,0.6
59,0.3
60,0.3
61,0.3
62,0.9
63,0.3
64,0.6
65,0.6
66,0.6
67,0.6
68,0.9
69,1.2
70,0
71,0
72,0.6
73,0.3
74,0.6
75,0.9
76,0.6
77,0.6
78,0.6
79,0.6
80,0
81,0.3
82,0.3
83,0.9
84,0.6
85,0.9
86,0.3
87,0.9
88,0.6
89,0.3
90,0.9
91,0.6
92,0.6
93,0.6
94,1.2
95,0.6
96,0.3
97,0.9
98,0.3
99,0.9
100,1.2
101,1.2
102,0
103,0.3
104,0.6
105,0.3
106,0.3
107,0.3
108,1.2
109,0.6
110,0.6
111,0.3
112,0
113,0.6
114,0.3
115,0.3
116,0.6
117,0
118,0.3
119,0
120,0.3
121,0
122,0.3
123,0
124,0
125,1.2
126,0.9
127,0.6
128,0
129,0.9
130,0.9
131,0.6
132,0.6
133,0
134,0.9
135,1.2
136,0.6
137,0
138,0.3
139,0.3
140,0.6
141,0.3
142,0.3
143,0
144,0.6
145,0.9
146,0.6
147,0
148,0.3
149,0
150,1.2
151,0.3
152,0
153,0.9
154,0.3
155,0
156,0.3
157,0.3
158,0.9
159,0.6
160,0.6
161,0.6
162,0.9
163,0.9
164,0.9
165,0.3
166,0.9
167,0.6
168,0.9
169,0
170,0.6
171,0
172,1.2
173,0.9
174,0.3
175,0
176,0.3
177,0.6
178,0.3
179,0.6
180,0.9
181,0
182,0.9
183,0.9
184,0
185,0.6
186,0.9
187,0.9
188,0.3
189,0.6
190,0.3
191,0.9
192,0.3
193,0.6
194,0
195,0.3
196,0.6
197,0.3
198,0
199,0
200,0.3
201,0.9
202,0
203,0
204,0.3
205,0.3
206,0.9
207,0.9
208,0.9
209,0.3
210,1.2
211,0.3
212,0
213,1.2
214,1.2
215,1.2
216,0.6
217,0.9
218,0.9
219,0.9
220,0.9
221,0.6
222,0.3
223,0
224,0.9
225,0
226,0
227,0.3
228,0.3
229,0
230,0.3
231,0.3
232,0.3
233,0.9
234,0.3
235,0.9
236,1.2
237,0.9
238,0.9
239,0.9
240,0.6
241,0.3
242,0.6
243,0.3
244,0
245,0.9
246,0.9
247,0
248,0.9
249,1.2
250,0.3
251,0.9
252,0.9
253,0.6
254,0.3
255,1.2
256,0.3
257,0.3
258,0.3
259,0
260,0.6
261,0.3
262,0.6
263,0.6
264,0.6
265,0.9
266,0
267,0.6
268,0.3
269,0.3
270,0.6
271,0
272,0.3
273,0.6
274,0.3
275,0.3
276,0.6
277,0.3
278,0.9
279,0.6
280,0.9
281,0.3
282,1.2
283,0
284,1.2
285,0
286,0.9
287,0.3
288,0.6
289,0
290,0.3
291,0.3
292,0
293,0.3
294,0
295,0.9
296,1.2
297,0.3
298,0.3
299,1.2
300,0.9
301,0.6
302,0.6
303,0.3
304,0.9
305,0.9
306,0
307,0.6
308,0.9
309,0.3
310,0
311,0.6
312,0
313,1.2
314,0.3
315,0.9
316,0
317,0.3
318,0.6
319,0.9
320,0
321,0.6
322,0
323,0.3
324,0.6
325,0
326,0.6
327,0.9
328,0.6
329,0
330,0
331,0.3
332,0.3
333,0.9
334,1.2
335,0.3
336,0.6
337,1.2
338,0.6
339,0
340,0.6
341,0.6
342,0.6
343,0.3
344,0
345,0.9
346,0.3
347,0
348,0
349,0.3
350,0.3
351,1.2
352,0.9
353,0.3
354,0.3
355,0.3
356,0
357,0.9
358,0.3
359,0.3
360,0.9
361,0
362,0.3
363,0.3
364,0.6
365,0
366,0.6
367,0.3
368,0.6
369,0.9
370,0.6
371,0.9
372,0
373,1.2
374,0.3
375,0.3
376,0.6
377,0.9
378,0.9
379,0
380,0.6
381,0.3
382,0
383,0
384,0.3
385,0.9
386,0.6
387,0.6
388,0.3
389,0
390,0.9
391,0.9
392,0.3
393,0.3
394,1.2
395,0.9
396,0
397,0.9
398,0.3
399,0
400,0.6
401,0.9
402,0.3
403,0
404,0.3
405,0.3
406,0.3
407,0.3
408,0.3
409,0.6
410,0.3
411,0
412,0.3
413,0.9
414,0.9
415,0.3
416,0.6
417,1.2
418,0.9
419,0.9
420,0.6
421,0.9
422,0.9
423,0
424,0.3
425,0.3
426,0.3
427,0.6
428,0.6
429,0.9
430,0.9
431,0.6
432,0
433,0.3
434,0
435,0
436,0.3
437,0
438,0.6
439,0.3
440,0.3
441,0.9
442,0.6
443,0.9
444,0.6
445,0.3
446,0.9
447,0.3
448,0.6
449,0.3
450,1.2
451,0.6
452,0
453,0.9
454,0.3
455,0.9
456,0
457,0.9
458,0.6
459,0
460,0.6
461,0
462,1.2
463,0.3
464,0.9
465,0
466,0.9
467,0.9
468,0.9
469,0.9
470,0.3
471,0
472,1.2
473,0
474,0.6
475,0.9
476,0.3
477,0
478,0.3
479,0.6
480,0
481,0.6
482,0
483,0.6
484,0.6
485,0.9
486,0.3
487,0.3
488,0.6
489,1.2
490,0.6
491,0.6
492,0.6
493,0.6
494,0.9
495,0.3
496,0.3
497,0
498,0.6
499,0.6
500,0
501,0.3
502,0.6
503,0.6
504,0.3
505,0.6
506,0
507,0.3
508,0.6
509,0.3
510,0
511,0.6
512,0.6
513,0.6
514,1.2
515,0.6
516,0
517,0
518,0.3
519,0.9
520,0.9
521,0.3
522,0.3
523,0.3
524,0
525,0.6
526,0.9
527,0.9
528,0.9
529,0.9
530,0.9
531,1.2
532,0.3
533,0.3
534,0.9
535,0.3
536,0.3
537,0.9
538,0.6
539,0.6
540,0.3
541,1.2
542,0.3
543,0.6
544,0
545,0
546,1.2
547,0.9
548,0.9
549,0.9
550,0.6
551,0.6
552,0.3
553,0
554,0.3
555,0
556,0.9
557,0.3
558,0.6
559,0.6
560,0.3
561,0.9
562,0.6
563,0.9
564,0.3
565,0.3
566,0.3
567,0.3
568,0.3
569,0
570,0
571,0.3
572,0
573,0.3
574,0.3
575,0.3
576,0.9
577,0.3
578,0.6
579,0.3
580,0.9
581,0.9
582,0.6
583,0.6
584,0.3
585,0.6
586,0.9
587,0
588,0.6
589,0
590,1.2
591,0.3
592,1.2
593,0.3
594,0
595,0.6
596,1.2
597,0.3
598,0.6
599,0.9
600,0
601,0
602,0.6
603,0
604,0
605,0
606,0.6
607,0
608,0
609,0.3
610,0
611,0.3
612,0.9
613,0
614,0.3
615,0.9
616,0.6
617,0.3
618,0.3
619,0
620,1.2
621,0
622,0.9
623,0.3
624,0.6
625,0.3
626,0.9
627,0.6
628,0.9
629,0.6
630,0.9
631,0
632,0
633,0.9
634,0
635,0.9
636,0.9
637,0
638,0
639,0.6
640,0.6
641,0.3
642,0.9
643,0.9
644,0
645,0.9
646,0.9
647,1.2
648,0.3
649,0.6
650,0.3
651,0.6
652,0.9
653,1.2
654,0.9
655,0.6
656,0
657,0.9
658,0.9
659,0
660,0.6
661,0.6
662,0.3
663,0.3
664,0.9
665,0.9
666,0.6
667,0.6
668,0
669,0
670,0
671,0.6
672,0.9
673,0.9
674,0.6
675,0.6
676,0.3
677,0.6
678,0
679,0
680,0.3
681,0.9
682,0
683,0.3
684,0.3
685,0.6
686,0.9
687,0.9
688,0
689,0.3
690,0.3
691,0.9
692,0.6
693,0
694,0.6
695,0.3
696,0
697,0.9
698,0.9
699,0
700,0.3
701,0.6
702,0.6
703,0.3
704,0.9
705,0
706,0.6
707,0.6
708,0
709,0.6
710,0.3
711,0.9
712,1.2
713,0
714,0
715,0.9
716,0.9
717,0.3
718,0
719,0.3
720,0
721,1.2
722,0.9
723,0.3
724,0.9
725,0
726,0
727,0.6
728,0.6
729,0
730,0.9
731,0.3
732,0.6
733,0
734,0
735,0
736,1.2
737,0.3
738,0.3
739,1.2
740,1.2
741,0.6
742,0.3
743,0.6
744,0.6
745,0
746,0
747,0.3
748,0.3
749,0
750,0.6
751,0.9
752,0.3
753,1.2
754,0.3
755,0.9
756,0
757,0
758,0
759,0.6
760,1.2
761,1.2
762,0.9
763,0.6
764,0.6
765,1.2
766,0
767,0.6
768,0.3
769,0
770,0.6
771,0.6
772,0.6
773,0.6
774,0.6
775,0.3
776,0.3
777,0.9
778,0.3
779,0.9
780,1.2
781,0.9
782,0.3
783,0
784,0
785,0.3
786,0
787,0.3
788,0.3
789,0.6
790,0
791,0.3
792,0.3
793,0.9
794,0.3
795,0.3
796,0.3
797,0.9
798,0.9
799,0.6
800,1.2
801,0.9
802,0.6
803,1.2
804,0.3
805,1.2
806,0.3
807,0.6
808,0.3
809,0.9
810,0.6
811,0.3
812,0
813,0.9
814,0.3
815,0
816,0.9
817,0.3
818,0
819,0.6
820,1.2
821,0
822,0.6
823,0.3
824,0.9
825,0.9
826,0.9
827,0.6
828,0.9
829,0.3
830,0.6
831,0.9
832,0
833,0.3
834,0
835,1.2
836,0.3
837,0.6
838,0.3
839,0
840,0.3
841,0.9
842,0
843,0.9
844,0.3
845,0.3
846,1.2
847,0.9
848,0.3
849,0.6
850,0.9
851,1.2
852,0.3
853,0
854,0.9
855,0.3
856,0.6
857,0
858,0.6
859,0.9
860,0.9
861,0.9
862,0.9
863,0.3
864,0.3
865,0.9
866,0.3
867,0.3
868,0.9
869,0.9
870,0.6
871,0.9
872,0
873,1.2
874,0.6
875,0.3
876,1.2
877,0.6
878,0.3
879,1.2
880,0.9
881,0.9
882,0.3
883,0.9
884,0.6
885,0.6
886,0.6
887,0.3
888,0
889,0.3
890,0
891,0
892,0.3
893,0.3
894,0.6
895,0.6
896,0.6
897,0.9
898,0.3
899,0
900,0.6
901,0.3
902,0.6
903,1.2
904,0.6
905,0.3
906,0.6
907,0.9
908,0.3
909,0.3
910,0
911,0.6
912,0.9
913,0.6
914,1.2
915,0.6
916,0.9
917,0.3
918,0.3
919,0.3
920,0
921,0.3
922,0
923,0.9
924,0
925,0.3
926,0.6
927,0.9
928,0.3
929,0.9
930,0.3
931,0.3
932,0.9
933,0.3
934,0.9
935,0.6
936,0
937,0.3
938,0.9
939,1.2
940,0.6
941,0.3
942,0.6
943,0
944,0
945,0.3
946,0
947,1.2
948,0.6
949,0.3
950,0.6
951,0.3
952,0.9
953,0.6
954,0.6
955,0.3
956,0.9
957,0.6
958,0.9
959,0.9
960,1.2
961,0
962,0
963,0
964,0.6
965,0
966,0.3
967,1.2
968,0.9
969,0.6
970,0.3
971,0.3
972,0.3
973,0.3
974,0.6
975,0.3
976,0.6
977,0
978,0
979,0.3
980,0
981,0.3
982,0.3
983,0.3
984,0
985,0.6
986,1.2
987,0.3
988,0.3
989,0.9
990,0.6
991,0.6
992,0.9
993,0.9
994,0.3
995,0.9
996,0.6
997,0.3
998,0.3
999,0.6
1000,0.6
1001,1.2
1002,0.6
1003,0.3
1004,0.6
1005,0
1006,0.6
1007,0.6
1008,0
1009,0.9
1010,1.2
1011,0
1012,0.9
1013,0.9
1014,0.9
1015,0.6
1016,0.9
1017,0.6
1018,0.9
1019,0.6
1020,0.3
1021,0.9
1022,0.6
1023,0
1024,1.2
1025,0
1026,0.3
1027,1.2
1028,0.6
1029,0
1030,1.2
1031,0.3
1032,0.9
1033,0.6
1034,0.3
1035,0.3
1036,0.6
1037,0.6
1038,0.3
1039,0.3
1040,0.9
1041,1.2
1042,0
1043,0.6
1044,0.3
1045,0.3
1046,0.6
1047,0.9
1048,0.9
1049,0.6
1050,0
1051,0.3
1052,0.9
1053,0.3
1054,0.9
1055,0.6
1056,0.9
1057,0.6
1058,0.3
1059,0.6
1060,0
1061,0.3
1062,0
1063,0
1064,0.3
1065,0.9
1066,0.3
1067,0.6
1068,0.3
1069,0.6
1070,0.6
1071,0.9
1072,0.6
1073,0
1074,0.6
1075,1.2
1076,0.3
1077,0.6
1078,0.3
1079,0.3
1080,0
1081,0.6
1082,0.9
1083,0.6
1084,0.9
1085,0.3
1086,0.9
1087,0.9
1088,0
1089,0
1090,0
1091,0.9
1092,0.3
1093,0.6
1094,0.3
1095,0
1096,0.3
1097,0.6
1098,0.9
1099,0.6
1100,0.3
1101,0.3
1102,0
1103,0.9
1104,0
1105,0.6
1106,0.3
1107,0.9
1108,0.3
1109,0.3
1110,0.3
1111,0.9
1112,0
1113,0.3
1114,0.9
1115,0
1116,0.6
1117,0.9
1118,0.6
1119,0
1120,0
1121,0.3
1122,0.9
1123,0.6
1124,0
1125,0
1126,1.2
1127,0.3
1128,0.6
1129,0.3
1130,0.9
1131,0.6
1132,0.3
1133,0.3
1134,0.3
1135,1.2
1136,0.3
1137,0.3
1138,0
1139,0.9
1140,0
1141,0
1142,0.3
1143,0
1144,0.9
1145,0.3
1146,0.3
1147,0.3
1148,0
1149,0.9
1150,0
1151,0.6
1152,0.9
1153,0.3
1154,0.3
1155,0
1156,0.3
1157,0.9
1158,0.3
1159,0.6
1160,0
1161,0.6
1162,1.2
1163,0.3
1164,0
1165,0.9
1166,0
1167,0.6
1168,0.6
1169,0
1170,0
1171,0.6
1172,0
1173,0.9
1174,0.3
1175,0.9
1176,0
1177,1.2
1178,1.2
1179,0.6
1180,0.6
1181,0.9
1182,0.6
1183,1.2
1184,0.3
1185,0.3
1186,0.6
1187,0.3
1188,0.6
1189,0.6
1190,0.6
1191,0.3
1192,0.9
1193,0.3
1194,0.9
1195,0.6
1196,0.6
1197,0.9
1198,0.6
1199,0.6
1200,0.3
1201,0.3
1202,0
1203,0.6
1204,0.6
1205,0.3
1206,0.3
1207,0.6
1208,0.6
1209,0
1210,0
1211,0
1212,0.6
1213,0.3
1214,0
1215,0.9
1216,0.3
1217,0.9
1218,0.3
1219,0
1220,1.2
1221,0.3
1222,0.9
1223,0
1224,0.3
1225,0.6
1226,0.3
1227,0.6
1228,0.9
1229,0
1230,0
1231,0.6
1232,0.3
1233,0.3
1234,0.3
1235,0
1236,0.6
1237,0.9
1238,0.6
1239,0.6
1240,0.6
1241,0.3
1242,0.6
1243,0.9
1244,0
1245,1.2
1246,0
1247,0.6
1248,0.3
1249,0
1250,0.3
1251,0.6
1252,0.3
1253,0.9
1254,0.6
1255,0.9
1256,0.6
1257,0
1258,0
1259,0
1260,0.6
1261,0
1262,0.9
1263,0
1264,0
1265,0.9
1266,0.9
1267,0.6
1268,0.3
1269,0.3
1270,0.9
1271,0.9
1272,0.6
1273,0.3
1274,0.9
1275,0.3
1276,0
1277,0.3
1278,0.3
1279,0.9
1280,1.2
1281,0.6
1282,0.9
1283,0.3
1284,0.9
1285,0.6
1286,0.3
1287,0.6
1288,1.2
1289,0.6
1290,0.3
1291,0.6
1292,0.3
1293,1.2
1294,0.3
1295,0.6
1296,0.6
1297,0.9
1298,0.9
1299,0
1300,0.9
1301,0.3
1302,0.3
1303,0.6
1304,0.3
1305,0.9
1306,0.9
1307,0.3
1308,0.9
1309,0.3
1310,0.9
1311,0
1312,0.6
1313,1.2
1314,0.3
1315,0
1316,0.6
1317,0.6
1318,0
1319,0.3
1320,0
1321,0.6
1322,0
1323,0.3
1324,1.2
1325,0.6
1326,0
1327,0.6
1328,0.3
1329,0.6
1330,0.3
1331,1.2
1332,0.3
1333,0.3
1334,0.9
1335,0.9
1336,0.9
1337,0.6
1338,0.6
1339,0.9
1340,0
1341,0
1342,0.3
1343,0.3
1344,0
1345,0.3
1346,0.6
1347,0.6
1348,0
1349,0.3
1350,1.2
1351,0.6
1352,0.9
1353,0.3
1354,0.9
1355,0.6
1356,0.3
1357,0.6
1358,0.9
1359,0.6
1360,0.9
1361,0.3
1362,0.9
1363,0.3
1364,0.3
1365,0.9
1366,0.9
1367,0.6
1368,0.3
1369,0.3
1370,0
1371,0.9
1372,0.3
1373,0.3
1374,0.6
1375,0.9
1376,1.2
1377,0.3
1378,0.3
1379,0.3
1380,1.2
1381,0.6
1382,0.6
1383,0.3
1384,0.3
1385,0.9
1386,0.3
1387,0.3
1388,0.9
1389,0
1390,0.9
1391,0.6
1392,0.3
1393,0.6
1394,0.9
1395,1.2
1396,0.6
1397,0
1398,0.9
1399,0.3
1400,0.3
1401,0.3
1402,0.3
1403,0.9
1404,1.2
1405,0
1406,0.3
1407,0
1408,0
1409,0.9
1410,0.9
1411,0.3
1412,0.9
1413,0.6
1414,0.3
1415,0.9
1416,0.3
1417,0.9
1418,0.3
1419,0.9
1420,0.3
1421,1.2
1422,0.9
1423,0.6
1424,0.9
1425,0.3
1426,0.3
1427,0.3
1428,0.3
1429,0
1430,0.9
1431,0.3
1432,0.3
1433,0.9
1434,0.9
1435,0
1436,0.9
1437,0.6
1438,0.9
1439,0
1440,0
1441,0.9
1442,0.9
1443,0.6
1444,0.3
1445,0.9
1446,0.3
1447,0.9
1448,0.3
1449,0
1450,0.3
1451,0.9
1452,0.9
1453,0
1454,0.6
1455,0.6
1456,0.9
1457,0.6
1458,1.2
1459,0.3
1460,0
1461,0.3
1462,0.3
1463,0.3
1464,0.3
1465,0.3
1466,0.3
1467,0.9
1468,0.3
1469,0.9
1470,0.9
1471,0.9
1472,0.3
1473,1.2
1474,0
1475,0.6
1476,0.9
1477,0.3
1478,0.9
1479,0.3
1480,0.6
1481,0.9
1482,0.6
1483,0.6
1484,0.6
1485,0.6
1486,1.2
1487,0.6
1488,0.9
1489,0.6
1490,0
1491,1.2
1492,0.6
1493,0.6
1494,0
1495,0.6
1496,0.9
1497,0.6
1498,0.6
1499,0.6
1500,0.9
1501,0.3
1502,0.6
1503,0.3
1504,0.6
1505,0.9
1506,0.3
1507,0
1508,0
1509,0.9
1510,0.3
1511,1.2
1512,0.9
1513,0
1514,0.6
1515,0.3
1516,0.9
1517,0.3
1518,0
1519,0.3
1520,0.6
1521,0
1522,0.3
1523,0.6
1524,0.3
1525,0.6
1526,0.9
1527,0.3
1528,0.6
1529,0.9
1530,0.3
1531,0.9
1532,0
1533,0.3
1534,0
1535,0.6
1536,0
1537,0
1538,0.9
1539,0
1540,0.6
1541,0
1542,0.6
1543,0.3
1544,0.3
1545,0.9
1546,0.6
1547,0.9
1548,0.3
1549,0
1550,0
1551,0.9
1552,0.6
1553,0.3
1554,0.6
1555,0.3
1556,0
1557,0.6
1558,0.9
1559,0.6
1560,0
1561,0.6
1562,0.6
1563,0.9
1564,0.3
1565,0
1566,0.6
1567,0.3
1568,0.9
1569,0.3
1570,0.6
1571,0.6
1572,0.9
1573,0.9
1574,0.3
1575,0.3
1576,0.9
1577,0.9
1578,0.3
1579,0.9
1580,0.9
1581,0
1582,0.3
1583,0.3
1584,0.3
1585,0
1586,1.2
1587,0
1588,0.9
1589,0.3
1590,0.6
1591,0.3
1592,0.3
1593,0.3
1594,0.3
1595,0.6
1596,0.3
1597,0.9
1598,0
1599,0.6
1600,0.3
1601,0
1602,0.3
1603,0.9
1604,0.3
1605,0.9
1606,0
1607,0.6
1608,0
1609,1.2
1610,1.2
1611,0.6
1612,0.3
1613,0.9
1614,0.6
1615,0.9
1616,0.3
1617,0.6
1618,0
1619,0.3
1620,0
1621,0.6
1622,0
1623,0.6
1624,0.3
1625,0.6
1626,0.6
1627,0.6
1628,0
1629,0.9
1630,0.3
1631,0.9
1632,0.6
1633,0.9
1634,0.6
1635,0.3
1636,0.9
1637,0
1638,0.9
1639,0
1640,0.9
1641,0.6
1642,0.6
1643,0
1644,0.6
1645,0
1646,0.3
1647,0.6
1648,0.6
1649,0.9
1650,0.6
1651,0.6
1652,0.9
1653,0.3
1654,0.9
1655,0.3
1656,0.3
1657,0.3
1658,0.9
1659,0.3
1660,0.6
1661,0
1662,0
1663,0.3
1664,0
1665,0
1666,0.9
1667,0
1668,0.9
1669,0.9
1670,0.9
1671,0
1672,0.6
1673,0
1674,0.6
1675,0.3
1676,0
1677,0.6
1678,0.6
1679,0.9
1680,0.9
1681,1.2
1682,0
1683,0.3
1684,1.2
1685,0.9
1686,0
1687,0.9
1688,0.9
1689,0
1690,0.3
1691,0.3
1692,0.9
1693,0.3
1694,1.2
1695,0
1696,0
1697,0.6
1698,0.3
1699,0.6
1700,0
1701,0.3
1702,0.3
1703,0.3
1704,0.6
1705,0.6
1706,0.6
1707,0.3
1708,0.3
1709,0.9
1710,0
1711,0.3
1712,0.9
1713,1.2
1714,0.6
1715,0.6
1716,0.6
1717,0.3
1718,0.6
1719,0.9
1720,0
1721,0.6
1722,0
1723,0
1724,1.2
1725,0.6
1726,0.3
1727,0.6
1728,0.3
1729,0
1730,0.3
1731,0.9
1732,0.6
1733,0
1734,0.3
1735,0.9
1736,0.9
1737,0.6
1738,0.3
1739,0.9
1740,0.3
1741,0.6
1742,0.3
1743,0
1744,0.9
1745,0.9
1746,0
1747,1.2
1748,0.6
1749,0.9
1750,0.6
1751,0
1752,0
1753,0
1754,0
1755,0.3
1756,0.3
1757,0.9
1758,0.6
1759,0
1760,0
1761,0
1762,0.9
1763,0
1764,0.6
1765,0.6
1766,0.6
1767,0.9
1768,0.3
1769,0.6
1770,0.3
1771,0.9
1772,0.6
1773,0.6
1774,0.9
1775,0.9
1776,0.3
1777,0.9
1778,0.6
1779,0.3
1780,0.3
1781,0.6
1782,0.9
1783,1.2
1784,0.6
1785,0
1786,0.9
1787,0.9
1788,0
1789,0.6
1790,0.6
1791,0.6
1792,0.6
1793,0
1794,0.6
1795,0
1796,0.3
1797,0
1798,0.9
1799,0.3
1800,0.9
1801,0.6
1802,0.3
1803,0.9
1804,0.3
1805,0
1806,0.6
1807,0.6
1808,0
1809,0.3
1810,0.6
1811,0.6
1812,0.3
1813,0.9
1814,0.6
1815,0.6
1816,0
1817,0.6
1818,0.3
1819,0.9
1820,0.6
1821,0
1822,0.3
1823,0.6
1824,0.3
1825,0.3
1826,0.3
1827,0
1828,0.3
1829,0.3
1830,0.3
1831,0.6
1832,0.3
1833,0
1834,1.2
1835,0.3
1836,0.9
1837,0.9
1838,0.3
1839,0.3
1840,0.6
1841,0
1842,0.9
1843,1.2
1844,0
1845,0.3
1846,0
1847,0.9
1848,0.9
1849,0.6
1850,0.3
1851,0.6
1852,0.3
1853,0.6
1854,0
1855,1.2
1856,0.9
1857,1.2
1858,0.3
1859,0.9
1860,0.6
1861,0
1862,0.6
1863,0.9
1864,0.3
1865,0.9
1866,0.6
1867,0
1868,0.6
1869,0.6
1870,0.6
1871,0.3
1872,0
1873,1.2
1874,0.9
1875,0
1876,0.6
1877,0
1878,0
1879,0
1880,0.6
1881,0
1882,0
1883,0.6
1884,0.3
1885,0.3
1886,0
1887,0.6
1888,0.6
1889,0.3
1890,0.9
1891,0
1892,0.6
1893,0.9
1894,0
1895,0.6
1896,0.6
1897,0.3
1898,0.3
1899,0.3
1900,0.3
1901,0.9
1902,0.6
1903,0
1904,0.3
1905,0.3
1906,0.3
1907,0
1908,0
1909,0.9
1910,1.2
1911,0.3
1912,0.9
1913,0.9
1914,0.9
1915,0.3
1916,0.3
1917,0.9
1918,0.6
1919,0.6
1920,0
1921,0.6
1922,0.9
1923,0.6
1924,0.9
1925,0.9
1926,0.3
1927,0
1928,0.6
1929,0.3
1930,0.3
1931,1.2
1932,0.9
1933,0.9
1934,0.3
1935,0.6
1936,0.3
1937,0.3
1938,0.6
1939,0
1940,0.9
1941,0.9
1942,0
1943,0.3
1944,0.6
1945,0.6
1946,0.9
1947,0.6
1948,0.6
1949,0.9
1950,0.9
1951,0.3
1952,0.3
1953,0.3
1954,0.9
1955,0.3
1956,0.6
1957,0.9
1958,0.9
1959,0
1960,0
1961,0.3
1962,0.9
1963,0
1964,0.6
1965,0.6
1966,0.6
1967,0.6
1968,0
1969,0.3
1970,0
1971,0.3
1972,0.9
1973,0.3
1974,0.3
1975,0
1976,1.2
1977,1.2
1978,0.3
1979,0.6
1980,0
1981,0.9
1982,0
1983,0.3
1984,0
1985,0
1986,0.9
1987,0.9
1988,0
1989,0.6
1990,0.9
1991,0.6
1992,0
1993,0
1994,0.9
1995,0
1996,0.6
1997,0
1998,0
1999,1.2
2000,0.6
2001,0.3
2002,1.2
2003,0
2004,0.3
2005,0.6
2006,0.9
2007,0.9
2008,1.2
2009,0
2010,0.9
2011,0
2012,0.6
2013,0.3
2014,1.2
2015,0.6
2016,0.3
2017,0.3
2018,0.3
2019,0.3
2020,0.6
2021,0.6
2022,0.9
2023,0
2024,0.3
2025,0.6
2026,0.3
2027,0.9
2028,0.3
2029,0.3
2030,0.3
2031,0
2032,0.6
2033,0.6
2034,0.9
2035,0.6
2036,0.3
2037,0.6
2038,0.9
2039,0
2040,0.6
2041,0.6
2042,0.3
2043,0.6
2044,0.6
2045,0.9
2046,0.9
2047,0.9
2048,0.3
2049,0.9
2050,0.3
2051,0.3
2052,0.3
2053,0.9
2054,0.6
2055,0.9
2056,0
2057,0.9
2058,1.2
2059,0.3
2060,0.9
2061,0.9
2062,0.3
2063,0
2064,0.6
2065,0.6
2066,0.3
2067,0.6
2068,0.6
2069,0
2070,1.2
2071,0.6
2072,0
2073,0
2074,0.6
2075,0.3
2076,0.6
2077,0.6
2078,0.3
2079,0.3
2080,0.9
2081,0.6
2082,0.6
2083,0.6
2084,0.9
2085,1.2
2086,0.6
2087,0.6
2088,0.3
2089,0
2090,0
2091,0.6
2092,0
2093,0.6
2094,0.3
2095,0.3
2096,0.3
2097,0.9
2098,0.9
2099,0.3
2100,0.3
2101,0.9
2102,0.3
2103,0.3
2104,0.3
2105,0.3
2106,0.3
2107,0.9
2108,0.6
2109,0.3
2110,0
2111,0.6
2112,0.9
2113,0.3
2114,0.6
2115,0
2116,0
2117,0.9
2118,0.9
2119,0.6
2120,0.9
2121,0.3
2122,0.9
2123,0.3
2124,0
2125,0.6
2126,0.9
2127,0
2128,0.6
2129,0.9
2130,0.9
2131,0.3
2132,0.6
2133,0.3
2134,0.3
2135,1.2
2136,0.6
2137,0.6
2138,0.9
2139,0.3
2140,0
2141,0
2142,0
2143,0.9
2144,0.6
2145,0.9
2146,0.3
2147,0.3
2148,0
2149,0.3
2150,0.3
2151,0.3
2152,0
2153,0
2154,0.6
2155,0.6
2156,0.6
2157,1.2
2158,0.6
2159,0.9
2160,0.6
2161,0.9
2162,0
2163,0.9
2164,0.9
2165,0
2166,0.6
2167,0.3
2168,0.3
2169,0.9
2170,0
2171,1.2
2172,0.9
2173,0.6
2174,0.6
2175,0.3
2176,0.6
2177,0.9
2178,0
2179,0.9
2180,0
2181,0.6
2182,0
2183,0.6
2184,0
2185,0.6
2186,0.3
2187,0.3
2188,0.6
2189,0.9
2190,0
2191,0.3
2192,0.6
2193,0.3
2194,0.9
2195,0.6
2196,0
2197,0.3
2198,0.6
2199,0
2200,0.3
2201,0.6
2202,1.2
2203,0.3
2204,0.6
2205,0.3
2206,0.9
2207,1.2
2208,0.6
2209,0
2210,0.3
2211,0.9
2212,0.6
2213,0.3
2214,0.6
2215,0.6
2216,0.6
2217,0.6
2218,0.6
2219,0.9
2220,0
2221,0.3
2222,0.3
2223,1.2
2224,0.3
2225,0.6
2226,0
2227,0.3
2228,0.9
2229,0.3
2230,0
2231,0
2232,1.2
2233,0
2234,0.9
2235,0
2236,0.9
2237,0.3
2238,0.9
2239,0.3
2240,0.3
2241,0.3
2242,0
2243,0.3
2244,0.9
2245,0.3
2246,0.9
2247,0.6
2248,0
2249,0
2250,0.3
2251,0.6
2252,0.3
2253,0.9
2254,0
2255,0.9
2256,0.6
2257,0.3
2258,0.3
2259,0.6
2260,0.6
2261,0.6
2262,0.3
2263,0.3
2264,1.2
2265,0.3
2266,0.3
2267,0
2268,0.3
2269,0.3
2270,0
2271,0.6
2272,0
2273,0.6
2274,0.3
2275,0.3
2276,0.9
2277,0.6
2278,0.3
2279,0.9
2280,0
2281,0.9
2282,0.6
2283,0.3
2284,0.9
2285,0.3
2286,0.6
2287,0.3
2288,0.9
2289,0.3
2290,0
2291,0.9
2292,0.6
2293,0
2294,0.3
2295,1.2
2296,0.3
2297,0.3
2298,0.6
2299,0.3
2300,0.6
2301,1.2
2302,0
2303,0.6
2304,0.9
2305,0.3
2306,0.6
2307,0
2308,0.3
2309,0.3
2310,0.6
2311,0.9
2312,0.9
2313,0.6
2314,0.3
2315,0.3
2316,0.3
2317,0.6
2318,0.9
2319,0
2320,0.9
2321,0.9
2322,0.6
2323,0.3
2324,0.6
2325,0.6
2326,0.6
2327,0.6
2328,0.9
2329,0.9
2330,0.3
2331,0.6
2332,0.6
2333,0
2334,0.3
2335,0.9
2336,0.3
2337,0.9
2338,0.9
2339,0.6
2340,0
2341,0.6
2342,0.6
2343,1.2
2344,0.6
2345,0.3
2346,0.3
2347,0.3
2348,0.6
2349,1.2
2350,0
2351,0.3
2352,0.3
2353,0.3
2354,0.3
2355,0.3
2356,0
2357,0.6
2358,0.3
2359,1.2
2360,0
2361,0
2362,0.3
2363,0.6
2364,0
2365,0.6
2366,0.9
2367,0.3
2368,0.3
2369,0
2370,0.3
2371,0.9
2372,0.9
2373,0.9
2374,0.9
2375,0.6
2376,0
2377,0
2378,1.2
2379,0.9
2380,0.6
2381,0
2382,0.9
2383,0.6
2384,0.9
2385,0.3
2386,0
2387,0
2388,0.3
2389,0.6
2390,0.3
2391,0.6
2392,0.6
2393,0.3
2394,0.3
2395,0.3
2396,0.9
2397,0
2398,0.3
2399,0.9
2400,0.9
2401,0.3
2402,0
2403,0.9
2404,0.3
2405,1.2
2406,0.6
2407,0.6
2408,0.6
2409,0.3
2410,0
2411,0.9
2412,0
2413,0.6
2414,0
2415,0.3
2416,0.6
2417,0.6
2418,0
2419,0.6
2420,0.9
2421,0.9
2422,0.6
2423,0.9
2424,0.6
2425,1.2
2426,0.9
2427,0
2428,0.3
2429,0.6
2430,0.6
2431,0.9
2432,0.3
2433,0
2434,0.6
2435,1.2
2436,0.6
2437,0
2438,0.3
2439,0.6
2440,0.9
2441,0.9
2442,0.9
2443,0
2444,0
2445,0.6
2446,0
2447,0
2448,0.6
2449,0.3
2450,1.2
2451,0.6
2452,0.9
2453,0.6
2454,0.3
2455,0.3
2456,0.6
2457,0.9
2458,0.9
2459,0.6
2460,0.3
2461,0.6
2462,0
2463,0
2464,0
2465,0.9
2466,1.2
2467,0.3
2468,0.3
2469,0.9
2470,0.6
2471,0.3
2472,0
2473,0.3
2474,0.9
2475,0.9
2476,0
2477,0.3
2478,0.6
2479,0.3
2480,0.9
2481,0.6
2482,0.6
2483,0.6
2484,0.9
2485,0.6
2486,0.3
2487,0.9
2488,0.9
2489,0.6
2490,0.3
2491,0.3
2492,0
2493,0.6
2494,0
2495,0
2496,0
2497,0
2498,0
2499,0.9
2500,0.9
2501,0.3
2502,0
2503,0.6
2504,0.3
2505,0.9
2506,0.3
2507,0.6
2508,0
2509,0
2510,0.9
2511,0.3
2512,0.3
2513,0.6
2514,0.6
2515,1.2
2516,0.3
2517,0.3
2518,0.9
2519,0.9
2520,1.2
2521,0.9
2522,1.2
2523,0.9
2524,0
2525,0.6
2526,0
2527,0.6
2528,0.3
2529,0.3
2530,0.9
2531,0.9
2532,0.3
2533,0.6
2534,0.9
2535,0.9
2536,0.9
2537,0.6
2538,0.3
2539,0.3
2540,0.9
2541,0.9
2542,1.2
2543,0.6
2544,0.9
2545,0
2546,0
2547,0.3
2548,0.3
2549,0.3
2550,0.9
2551,0.9
2552,0.6
2553,0
2554,0.6
2555,0
2556,0.6
2557,0.6
2558,0
2559,0.3
2560,0.6
2561,0.6
2562,0.9
2563,0.6
2564,0.9
2565,0.3
2566,0.6
2567,0.6
2568,0.3
2569,0.3
2570,0.6
2571,0
2572,0.3
2573,0.6
2574,0.3
2575,0.6
2576,0.6
2577,0.3
2578,0.3
2579,0.9
2580,0.6
2581,0.3
2582,0.9
2583,0.3
2584,0
2585,0.3
2586,0.3
2587,0.9
2588,0.9
2589,1.2
2590,0.3
2591,0
2592,0
2593,0.9
2594,0.6
2595,0.3
2596,0.3
2597,0.6
2598,0.9
2599,0
2600,0.6
2601,0.3
2602,0.6
2603,1.2
2604,0
2605,0.3
2606,0
2607,0.6
2608,0.3
2609,0.3
2610,0.3
2611,0.9
2612,0.6
2613,0.6
2614,0.9
2615,0.6
2616,0.6
2617,0.6
2618,0.6
2619,0.3
2620,0.6
2621,0
2622,0.3
2623,0
2624,1.2
2625,0
2626,0.6
2627,0.3
2628,0.6
2629,0
2630,0
2631,0.3
2632,0.6
2633,0.3
2634,0.3
2635,0.6
2636,0
2637,0.9
2638,0.6
2639,0.6
2640,0.6
2641,0.6
2642,0.9
2643,0.6
2644,0.3
2645,0.6
2646,0.3
2647,0.3
2648,1.2
2649,0
2650,0.6
2651,0
2652,0
2653,0.6
2654,0.9
2655,0.6
2656,0.9
2657,0.6
2658,0
2659,0.6
2660,0.3
2661,0.9
2662,0
2663,0.9
2664,0.6
2665,1.2
2666,0.6
2667,0.3
2668,0
2669,0.6
2670,0.6
2671,0.3
2672,0
2673,0
2674,0
2675,0.6
2676,0.3
2677,0.6
2678,0
2679,0.3
2680,0.6
2681,0.3
2682,0.3
2683,0.9
2684,0.6
2685,0.3
2686,0.3
2687,0.3
2688,0.3
2689,0.3
2690,0.9
2691,0
2692,0.6
2693,0
2694,0.6
2695,0.6
2696,0.6
2697,1.2
2698,0
2699,0.3
2700,0
2701,0.9
2702,0.6
2703,0.3
2704,0
2705,0
2706,0.3
2707,0
2708,0
2709,0.6
2710,0.9
2711,0.9
2712,0.6
2713,0.6
2714,0.6
2715,0.3
2716,0.3
2717,0.6
2718,0.6
2719,0
2720,1.2
2721,0
2722,0.9
2723,0
2724,0.9
2725,0
2726,0.9
2727,0.9
2728,0
2729,0.3
2730,0
2731,0
2732,0.9
2733,0
2734,0
2735,0.9
2736,0.6
2737,0.6
2738,0.9
2739,0.9
2740,0
2741,0.3
2742,0.9
2743,0.9
2744,0.6
2745,0.6
2746,0.6
2747,0.9
2748,0.6
2749,0.3
2750,0
2751,0.9
2752,0.3
2753,0
2754,0.9
2755,1.2
2756,0.6
2757,0.6
2758,0.6
2759,0.6
2760,0.3
2761,0.3
2762,0.6
2763,0.6
2764,0.3
2765,0.3
2766,0.6
2767,0.9
2768,1.2
2769,0.3
2770,0.3
2771,0.3
2772,0.6
2773,0.6
2774,0
2775,0
2776,0.9
2777,0
2778,0
2779,0.9
2780,0.6
2781,0.6
2782,0.3
2783,0
2784,0.3
2785,0.6
2786,0.9
2787,0
2788,0
2789,0.3
2790,0.9
2791,0
2792,0.9
2793,0.3
2794,0.9
2795,0.9
2796,0.9
2797,0.9
2798,0.6
2799,0.3
2800,0.3
2801,0.6
2802,0.3
2803,0.9
2804,0
2805,1.2
2806,0.9
2807,0.9
2808,0.6
2809,0
2810,0.3
2811,0.6
2812,0.6
2813,0.3
2814,0.6
2815,0.6
2816,0.3
2817,0.3
2818,0.3
2819,0.3
2820,0.3
2821,0.6
2822,0
2823,0.6
2824,0
2825,0.9
2826,0.9
2827,0.9
2828,0.3
2829,0.9
2830,0
2831,0.6
2832,0.3
2833,0
2834,0.6
2835,0.6
2836,0.3
2837,1.2
2838,0.6
2839,0.6
2840,0.9
2841,0.9
2842,0.6
2843,0.9
2844,0.6
2845,0.6
2846,0.9
2847,0.9
2848,0.6
2849,0
2850,0.6
2851,0.9
2852,0
2853,0.9
2854,0.6
2855,0.6
2856,1.2
2857,0.9
2858,0.6
2859,0
2860,0.6
2861,0.3
2862,0
2863,0.9
2864,0.6
2865,0.6
2866,0.6
2867,0.9
2868,0.9
2869,0.6
2870,0.6
2871,0.6
2872,1.2
2873,0
2874,0.3
2875,0.3
2876,0.9
2877,0.3
2878,0.6
2879,0.3
2880,0.6
2881,0.3
2882,0.6
2883,1.2
2884,0.6
2885,0.6
2886,0
2887,0.3
2888,0.3
2889,0.6
2890,0.3
2891,0.6
2892,0
2893,0
2894,0.6
2895,1.2
2896,0.9
2897,0.3
2898,0
2899,0.6
2900,0.6
2901,0.6
2902,0.3
2903,0
2904,0.6
2905,0
2906,0.6
2907,0.9
2908,0.9
2909,0.3
2910,0.3
2911,0.9
2912,0.3
2913,0.9
2914,0.6
2915,0
2916,0.9
2917,0
2918,0.6
2919,0.6
2920,0.3
2921,0
2922,1.2
2923,0.3
2924,0
2925,0.6
2926,0.6
2927,0.6
2928,0.3
2929,0.6
2930,0
2931,1.2
2932,1.2
2933,0.9
2934,0.9
2935,0
2936,0.3
2937,0
2938,0.9
2939,0
2940,0
2941,0.9
2942,0.9
2943,0.6
2944,0.3
2945,0.6
2946,0.3
2947,0.9
2948,0
2949,0.9
2950,0
2951,0.3
2952,0
2953,0.3
2954,0.3
2955,0.6
2956,0.9
2957,0.6
2958,0.3
2959,0.6
2960,0.9
2961,0
2962,0
2963,0.3
2964,0.6
2965,0.9
2966,0.6
2967,0.6
2968,0.6
2969,0.9
2970,0.9
2971,0.6
2972,0.9
2973,0.6
2974,0.6
2975,0
2976,0.9
2977,0.6
2978,0.3
2979,0.3
2980,0.3
2981,0.9
2982,0.6
2983,0.9
2984,0
2985,1.2
2986,0.3
2987,0.9
2988,0.3
2989,0.9
2990,0.6
2991,0.6
2992,0
2993,0.6
2994,0
2995,0
2996,0.3
2997,0.9
2998,0.3
2999,0.9
3000,0
3001,0.9
3002,0.9
3003,0.3
3004,0.3
3005,0.6
3006,0.9
3007,0.3
3008,0.6
3009,0
3010,0.9
3011,0
3012,0.6
3013,0.6
3014,0.9
3015,0.3
3016,0.9
3017,0.3
3018,0.6
3019,0.3
3020,0.9
3021,0
3022,0.3
3023,0.3
3024,0
3025,1.2
3026,0.3
3027,0.3
3028,0.6
3029,0
3030,0
3031,0.3
3032,0.6
3033,0.6
3034,0.9
3035,0.6
3036,0
3037,0
3038,0.9
3039,1.2
3040,0.6
3041,0.6
3042,0.3
3043,1.2
3044,0.3
3045,0.9
3046,0.3
3047,0
3048,0.3
3049,0.6
3050,0
3051,0.3
3052,1.2
3053,0.9
3054,0.9
3055,0
3056,0.9
3057,0.9
3058,0
3059,0.6
3060,0.6
3061,0
3062,0
3063,0.9
3064,0
3065,0.3
3066,0.3
3067,0.6
3068,1.2
3069,0.6
3070,0.3
3071,0.6
3072,1.2
3073,0.9
3074,0.3
3075,0.3
3076,0.3
3077,0
3078,0.3
3079,0.9
3080,0
3081,1.2
3082,0.9
3083,0.3
3084,0
3085,0.3
3086,0.3
3087,0
3088,0.6
3089,0.6
3090,0
3091,0
3092,0.9
3093,0.3
3094,0
3095,0.9
3096,1.2
3097,0.9
3098,0.6
3099,0.6
3100,0.3
3101,0.3
3102,1.2
3103,0.3
3104,0.9
3105,0
3106,0
3107,0.3
3108,0
3109,0.3
3110,0.3
3111,0.3
3112,0.9
3113,0.6
3114,0
3115,0.9
3116,0.6
3117,0.9
3118,0.3
3119,0
3120,0
3121,0.6
3122,0.6
3123,0.3
3124,0.3
3125,0.9
3126,0.3
3127,0.6
3128,0.3
3129,0.9
3130,0.9
3131,0.6
3132,0.9
3133,0.6
3134,0
3135,0.6
3136,0.6
3137,0.3
3138,1.2
3139,0.9
3140,1.2
3141,0.3
3142,0.9
3143,0.9
3144,0.3
3145,1.2
3146,0.9
3147,0.9
3148,0
3149,0.3
3150,0.9
3151,0.9
3152,0.9
3153,0.6
3154,0.6
3155,0.6
3156,0
3157,0.6
3158,0.6
3159,0.6
3160,0.9
3161,0.3
3162,0
3163,0.3
3164,0.6
3165,0.3
3166,0.6
3167,1.2
3168,0.3
3169,0
3170,1.2
3171,0.6
3172,0.9
3173,1.2
3174,0.9
3175,0.6
3176,0
3177,0.3
3178,0.6
3179,0.3
3180,0.3
3181,0.9
3182,0.9
3183,0
3184,0.6
3185,0
3186,0
3187,0.6
3188,0.6
3189,0.9
3190,1.2
3191,0.9
3192,0.9
3193,0
3194,0
3195,0.9
3196,0.9
3197,0.6
3198,0
3199,0.6
3200,0.6
3201,0
3202,0.3
3203,0.3
3204,0
3205,0.3
3206,0.9
3207,0.3
3208,0
3209,0.6
3210,0
3211,0
3212,0.3
3213,0.9
3214,0.6
3215,0.6
3216,0.9
3217,0
3218,0.3
3219,0
3220,0
3221,0.3
3222,0.6
3223,0.9
3224,0.3
3225,0.6
3226,0.3
3227,0
3228,0.9
3229,0.3
3230,0
3231,0.6
3232,0.9
3233,0.3
3234,0.9
3235,0
3236,0.9
3237,0
3238,0.3
3239,0.9
3240,0.6
3241,1.2
3242,0
3243,0.6
3244,0
3245,1.2
3246,0.6
3247,0
3248,0.6
3249,0.9
3250,0.9
3251,0.3
3252,0
3253,0.6
3254,0.6
3255,0.9
3256,0.6
3257,0.3
3258,0.9
3259,0
3260,0.9
3261,0
3262,0.9
3263,0.3
3264,0.3
3265,0.9
3266,0.9
3267,0.9
3268,0.3
3269,0.3
3270,0.9
3271,0.6
3272,0.3
3273,0
3274,0.3
3275,0.3
3276,0.3
3277,0.3
3278,1.2
3279,0
3280,0.6
3281,0.3
3282,0.6
3283,0.9
3284,0.9
3285,0.6
3286,0
3287,0.6
3288,0.3
3289,0
3290,0
3291,0.6
3292,0.6
3293,0
3294,0
3295,0.3
3296,0.6
3297,1.2
3298,0.6
3299,0.3
3300,0.3
3301,0.6
3302,0.3
3303,0.9
3304,0.6
3305,0
3306,0.9
3307,0.3
3308,0.3
3309,0.6
3310,0.6
3311,0.3
3312,0.9
3313,0.3
3314,0.9
3315,0.9
3316,0.3
3317,0.6
3318,0.9
3319,0.9
3320,0.9
3321,0.6
3322,0.6
3323,0.9
3324,0.9
3325,0.3
3326,0.9
3327,0.9
3328,1.2
3329,0
3330,0.3
3331,0
3332,0.9
3333,0.3
3334,1.2
3335,0.9
3336,0
3337,0.6
3338,0.6
3339,0
3340,0.9
3341,0.9
3342,0.9
3343,0.6
3344,0.3
3345,0.6
3346,0.3
3347,0.9
3348,0.9
3349,0.3
3350,0.9
3351,0
3352,0.9
3353,0.3
3354,0.9
3355,0.9
3356,0.6
3357,0.6
3358,0.3
3359,0.6
3360,0.6
3361,0.3
3362,0.9
3363,0.3
3364,0.3
3365,0.6
3366,0.6
3367,0.3
3368,0
3369,0.9
3370,0
3371,0.6
3372,0.9
3373,0
3374,0.9
3375,0.3
3376,0.3
3377,0.9
3378,0.6
3379,0.3
3380,0.9
3381,0
3382,0
3383,0.9
3384,0.3
3385,0.6
3386,1.2
3387,0.3
3388,0
3389,0.9
3390,0.6
3391,0.9
3392,0.9
3393,0.9
3394,0.3
3395,0.9
3396,0.3
3397,0.3
3398,0.9
3399,0
3400,0.9
3401,0.3
3402,0.6
3403,0.9
3404,0.3
3405,0.3
3406,0.3
3407,0.9
3408,0.6
3409,0
3410,0.9
3411,0
3412,1.2
3413,0.3
3414,0
3415,0.3
3416,0
3417,0
3418,0.9
3419,0
3420,1.2
3421,0.3
3422,1.2
3423,0.3
3424,0.6
3425,0.6
3426,0.6
3427,0
3428,0
3429,0.3
3430,0.3
3431,0.9
3432,0.3
3433,0
3434,0
3435,0
3436,0.9
3437,0
3438,1.2
3439,0.9
3440,0
3441,0.6
3442,0.9
3443,0.3
3444,0.3
3445,0.9
3446,0.9
3447,0.9
3448,1.2
3449,0
3450,0.6
3451,0.9
3452,0.3
3453,0.6
3454,0.3
3455,0.6
3456,0
3457,0.6
3458,0.9
3459,0.3
3460,0.6
3461,0.9
3462,0
3463,0.3
3464,0.6
3465,0.9
3466,0.3
3467,0.3
3468,0.6
3469,0.6
3470,0
3471,0.3
3472,0.9
3473,0.6
3474,1.2
3475,0.9
3476,0.3
3477,0
3478,0
3479,0.9
3480,0
3481,0.6
3482,0.9
3483,0
3484,0
3485,0.6
3486,1.2
3487,0.6
3488,0.3
3489,0
3490,0
3491,0.6
3492,0.6
3493,0.9
3494,0.9
3495,0.3
3496,0
3497,0.3
3498,0.3
3499,0
3500,0.9
3501,0.3
3502,0.3
3503,0.6
3504,0
3505,0.6
3506,1.2
3507,0.6
3508,0.3
3509,0.6
3510,0.3
3511,0.9
3512,0.3
3513,0
3514,0
3515,0.3
3516,0.6
3517,0.3
3518,0.6
3519,1.2
3520,0.6
3521,0.6
3522,0.9
3523,0.6
3524,1.2
3525,0.3
3526,0.9
3527,0.3
3528,0.6
3529,0
3530,0.3
3531,0.3
3532,0.9
3533,0.3
3534,0.6
3535,0.3
3536,0
3537,0.9
3538,0.3
3539,0.3
3540,0.9
3541,0.3
3542,0.9
3543,0
3544,0.9
3545,0.6
3546,0
3547,0
3548,0.3
3549,0.9
3550,0
3551,0
3552,0.3
3553,0.6
3554,0.9
3555,0
3556,0.3
3557,0.9
3558,0.3
3559,0
3560,0.6
3561,0.3
3562,0.3
3563,0
3564,0.6
3565,0.3
3566,0.9
3567,0
3568,0.6
3569,0.6
3570,1.2
3571,0.3
3572,1.2
3573,0.6
3574,0.6
3575,0.9
3576,0.3
3577,0
3578,0
3579,0
3580,0.3
3581,0.3
3582,0.3
3583,0
3584,0.3
3585,0.9
3586,1.2
3587,0
3588,0.3
3589,0
3590,0.3
3591,0
3592,0.3
3593,1.2
3594,0.6
3595,0.9
3596,0
3597,0.3
3598,0.3
3599,0.6
3600,0.6
3601,0.6
3602,0
3603,0.3
3604,0.9
3605,0.9
3606,0
3607,0.3
3608,0
3609,0
3610,0.3
3611,0
3612,0
3613,0.6
3614,0
3615,0.9
3616,0.9
3617,0
3618,0.3
3619,0.6
3620,0.9
3621,0.3
3622,0.9
3623,0.6
3624,0.3
3625,0.3
3626,0.3
3627,0.9
3628,1.2
3629,0.9
3630,0.6
3631,0.6
3632,0.6
3633,0.3
3634,0.9
3635,0.3
3636,0.6
3637,0.9
3638,0
3639,0.3
3640,0.3
3641,0
3642,0
3643,0.3
3644,0.9
3645,0
3646,0.9
3647,0.9
3648,0
3649,0.3
3650,0.6
3651,1.2
3652,0
3653,0.9
3654,0
3655,0.9
3656,0.6
3657,0.3
3658,0.6
3659,0.9
3660,0.9
3661,0.3
3662,0
3663,0.3
3664,0.9
3665,0
3666,0.6
3667,0.9
3668,0.9
3669,0.9
3670,0.6
3671,0.9
3672,0.3
3673,0.3
3674,0
3675,0.9
3676,0.9
3677,0.6
3678,0.6
3679,0.6
3680,0
3681,0.9
3682,0.3
3683,0
3684,0.9
3685,0.3
3686,0.3
3687,0.3
3688,0.3
3689,0.3
3690,0.3
3691,0
3692,0.6
3693,1.2
3694,0
3695,0.3
3696,0.6
3697,0.9
3698,0.9
3699,0
3700,0
3701,0.9
3702,0.3
3703,0
3704,0.9
3705,0.6
3706,0
3707,0
3708,0.3
3709,0.3
3710,0.6
3711,0.3
3712,0.3
3713,0.3
3714,0.3
3715,0
3716,0.6
3717,0.6
3718,0.3
3719,0.9
3720,0.3
3721,0.6
3722,0
3723,0.9
3724,0.3
3725,0.9
3726,0.3
3727,0.6
3728,0.6
3729,0.9
3730,0.6
3731,0.9
3732,0.3
3733,0.9
3734,0.3
3735,0.9
3736,0.9
3737,0
3738,0.6
3739,0.6
3740,0.6
3741,0.3
3742,0.3
3743,0
3744,0.3
3745,0.3
3746,0.9
3747,0
3748,0.3
3749,0.9
3750,0.9
3751,0.9
3752,0.6
3753,0.6
3754,0.6
3755,0
3756,0.6
3757,0.9
3758,0.3
3759,0.9
3760,0.6
3761,0.6
3762,0.6
3763,0.6
3764,0.9
3765,0
3766,0
3767,0.6
3768,0.6
3769,0.9
3770,0.6
3771,0.9
3772,0.3
3773,0.6
3774,0
3775,0
3776,0.3
3777,1.2
3778,0.6
3779,0
3780,0.6
3781,0
3782,0
3783,0.9
3784,0.3
3785,0.3
3786,1.2
3787,0.6
3788,1.2
3789,0.9
3790,0.9
3791,0.6
3792,0.3
3793,0
3794,0.9
3795,0.3
3796,0
3797,0
3798,0.6
3799,0
3800,0.3
3801,0.3
3802,0.3
3803,0.3
3804,0.6
3805,0.3
3806,0.6
3807,0.6
3808,0.6
3809,0.3
3810,0.3
3811,0.6
3812,0.9
3813,0.9
3814,0.3
3815,0.3
3816,0.3
3817,0
3818,0.3
3819,0.6
3820,0.9
3821,0.6
3822,0.6
3823,0.3
3824,0.6
3825,0.9
3826,0.6
3827,0.3
3828,0
3829,0.9
3830,0
3831,0.9
3832,0.3
3833,0.3
3834,0.3
3835,0.9
3836,0.6
3837,0.9
3838,0.6
3839,0
3840,0.9
3841,0.6
3842,0.6
3843,0.3
3844,0.6
3845,0.6
3846,1.2
3847,0.3
3848,0.6
3849,0.3
3850,0.6
3851,0.3
3852,0.9
3853,0.6
3854,0.6
3855,0.3
3856,0
3857,0.6
3858,0
3859,0.9
3860,0.3
3861,0.3
3862,1.2
3863,0.9
3864,0.3
3865,0
3866,0.6
3867,0.9
3868,0
3869,0
3870,0.3
3871,0.6
3872,0.6
3873,0.6
3874,0.9
3875,0.3
3876,0
3877,0.3
3878,0
3879,0
3880,0.9
3881,1.2
3882,0.6
3883,0
3884,0.9
3885,0
3886,0.9
3887,0.6
3888,0
3889,0
3890,0.3
3891,0.9
3892,0
3893,0.6
3894,0.3
3895,0.6
3896,0.3
3897,0.3
3898,0.3
3899,0.3
3900,0
3901,0
3902,0.9
3903,0
3904,0.6
3905,0.3
3906,0.6
3907,0.6
3908,0.9
3909,0
3910,1.2
3911,0.6
3912,0.6
3913,0.9
3914,0
3915,0.6
3916,0.9
3917,0.3
3918,0.3
3919,0
3920,0.6
3921,0.9
3922,0.6
3923,0
3924,0.6
3925,0.6
3926,0.3
3927,0.9
3928,1.2
3929,0
3930,0.3
3931,0.9
3932,1.2
3933,0.9
3934,0.3
3935,0.6
3936,0
3937,0.3
3938,0.3
3939,0.6
3940,1.2
3941,0
3942,0
3943,0.3
3944,0
3945,0.9
3946,0.9
3947,0.3
3948,0.9
3949,0
3950,0
3951,0.9
3952,0.3
3953,0.9
3954,0.9
3955,0
3956,0.3
3957,0.6
3958,0.9
3959,0.6
3960,0.6
3961,1.2
3962,1.2
3963,0.9
3964,0.6
3965,0.6
3966,0
3967,0.6
3968,0.9
3969,0.9
3970,0.3
3971,0
3972,0.6
3973,0
3974,0.3
3975,0.9
3976,0.6
3977,0.3
3978,0.3
3979,0.3
3980,0.6
3981,1.2
3982,0.3
3983,0.3
3984,1.2
3985,0
3986,0.3
3987,0.6
3988,0
3989,0
3990,0.6
3991,0.9
3992,0.6
3993,0.9
3994,0.3
3995,0
3996,0.6
3997,0
3998,0.6
3999,0
4000,0
4001,0.9
4002,0.6
4003,0.6
4004,0.9
4005,0.9
4006,0.6
4007,0.9
4008,0
4009,0.9
4010,0.3
4011,0.9
4012,1.2
4013,0.6
4014,0.9
4015,0.3
4016,0
4017,0.6
4018,0.9
4019,1.2
4020,0
4021,0
4022,0.6
4023,0.3
4024,0.9
4025,1.2
4026,0.3
4027,0.6
4028,0.9
4029,0.3
4030,0.6
4031,0.9
4032,0.3
4033,0.3
4034,0.3
4035,0.9
4036,0.6
4037,0.9
4038,0.9
4039,0.3
4040,0.9
4041,0.9
4042,0.9
4043,0.6
4044,0.3
4045,0.6
4046,0.6
4047,0.6
4048,0.9
4049,0.6
4050,0.9
4051,0
4052,0.6
4053,0
4054,0.3
4055,1.2
4056,0.9
4057,0.9
4058,0
4059,0.3
4060,0.9
4061,0
4062,0.9
4063,0.6
4064,0
4065,0.9
4066,1.2
4067,0.3
4068,0
4069,0.6
4070,1.2
4071,0.3
4072,0
4073,0
4074,0.9
4075,0
4076,0.3
4077,0
4078,0.3
4079,0.9
4080,0.6
4081,0.6
4082,0
4083,0.6
4084,0
4085,1.2
4086,1.2
4087,0.9
4088,0.3
4089,0
4090,0
4091,0.9
4092,0.9
4093,0
4094,0.3
4095,0
4096,0.3
4097,0.6
4098,0.3
4099,0.6
4100,0.3
4101,0.6
4102,0.6
4103,0.3
4104,0
4105,0.6
4106,0.6
4107,0.3
4108,0.3
4109,0
4110,0.6
4111,0.6
4112,0.9
4113,0.3
4114,1.2
4115,0.9
4116,0
4117,0.9
4118,0.3
4119,0
4120,0.9
4121,0.3
4122,0.3
4123,0.9
4124,1.2
4125,0.9
4126,0.6
4127,0.6
4128,0
4129,0.3
4130,0.3
4131,0
4132,0.6
4133,0
4134,0.6
4135,0
4136,0
4137,0
4138,0
4139,0.3
4140,0.6
4141,0.9
4142,0.3
4143,0.3
4144,0.3
4145,0
4146,1.2
4147,0.3
4148,0.3
4149,0.6
4150,0
4151,0.6
4152,0.9
4153,0
4154,0.9
4155,0.9
4156,0.9
4157,0.3
4158,0
4159,0.6
4160,0.6
4161,0
4162,0.9
4163,0.6
4164,0.9
4165,0
4166,0
4167,0.9
4168,0.9
4169,0.3
4170,0.3
4171,0.6
4172,0.6
4173,0
4174,0
4175,0.3
4176,1.2
4177,0.3
4178,0.6
4179,0
4180,0.9
4181,0.3
4182,0.6
4183,0.9
4184,1.2
4185,0
4186,0.9
4187,0.3
4188,0.3
4189,0.6
4190,0.9
4191,0
4192,0.6
4193,0
4194,1.2
4195,0.9
4196,0.6
4197,0.3
4198,0.6
4199,0.3
4200,0.9
4201,0.3
4202,0
4203,0.6
4204,0.3
4205,0
4206,0
4207,0.3
4208,0.9
4209,0.3
4210,0.9
4211,0.9
4212,0
4213,0.3
4214,0.3
4215,0.9
4216,0.6
4217,0.9
4218,0.6
4219,0.3
4220,0.6
4221,0.6
4222,0.3
4223,0.9
4224,0.3
4225,0.9
4226,0.9
4227,0
4228,1.2
4229,0.6
4230,0.3
4231,0.3
4232,0.6
4233,0
4234,0.9
4235,0.6
4236,0.3
4237,0.3
4238,0
4239,0.3
4240,1.2
4241,0
4242,1.2
4243,0.6
4244,0.6
4245,0.6
4246,0.3
4247,0.9
4248,0.9
4249,0.6
4250,0
4251,0
4252,0.6
4253,0.6
4254,0.6
4255,0.6
4256,0.6
4257,0.6
4258,0.9
4259,0
4260,0.6
4261,0.3
4262,0.6
4263,0.6
4264,0.6
4265,0.6
4266,0
4267,0.9
4268,0.3
4269,0.9
4270,0.9
4271,0.6
4272,0.3
4273,0.3
4274,0.3
4275,0.6
4276,0
4277,0.9
4278,0.6
4279,0.3
4280,0.9
4281,0.6
4282,0
4283,0.6
4284,0.3
4285,0
4286,0.9
4287,0.9
4288,0
4289,0.9
4290,0.9
4291,0.9
4292,1.2
4293,0
4294,0.6
4295,0
4296,0.6
4297,0.9
4298,0.6
4299,0.9
4300,1.2
4301,0.9
4302,1.2
4303,0.9
4304,0.6
4305,0.9
4306,0
4307,0.9
4308,1.2
4309,0.3
4310,0.3
4311,0.9
4312,0.9
4313,0.9
4314,0.9
4315,0.9
4316,0.9
4317,0.6
4318,0.6
4319,0.9
4320,0
4321,0.9
4322,0.6
4323,0.6
4324,0
4325,1.2
4326,0
4327,0.6
4328,0
4329,0
4330,0.3
4331,0.6
4332,0.9
4333,0.6
4334,0.3
4335,0.3
4336,0.3
4337,0.6
4338,0
4339,0.9
4340,0
4341,0.3
4342,0.3
4343,0.3
4344,0.3
4345,0.3
4346,0.9
4347,0.3
4348,0.6
4349,0.6
4350,0.6
4351,0.6
4352,0.6
4353,0
4354,0.3
4355,0.3
4356,0.6
4357,0.3
4358,0.3
4359,0.6
4360,0.3
4361,0.6
4362,0
4363,0.6
4364,0.9
4365,0.9
4366,0.6
4367,0
4368,0.9
4369,0.3
4370,0.6
4371,0.6
4372,0.9
4373,0.9
4374,0.6
4375,0.9
4376,0.3
4377,0.3
4378,0.3
4379,0.9
4380,0.9
4381,0
4382,0.3
4383,0.9
4384,0
4385,0.9
4386,0.6
4387,0.3
4388,0.6
4389,0.3
4390,1.2
4391,0.6
4392,0.3
4393,0.9
4394,0
4395,1.2
4396,0.6
4397,0.9
4398,0.3
4399,0.9
4400,0.9
4401,0.6
4402,0.6
4403,1.2
4404,0
4405,0
4406,1.2
4407,0
4408,0.3
4409,0.9
4410,0.3
4411,0.3
4412,0
4413,1.2
4414,0.3
4415,1.2
4416,0
4417,0.3
4418,0.6
4419,0
4420,0.6
4421,0
4422,0.3
4423,0.6
4424,0
4425,0
4426,0
4427,0.3
4428,0.9
4429,1.2
4430,0.6
4431,0.3
4432,0.6
4433,0.3
4434,0.6
4435,0.9
4436,0.6
4437,0.6
4438,0
4439,0.9
4440,0
4441,0.9
4442,0.6
4443,0.6
4444,0.9
4445,0.6
4446,0
4447,0.3
4448,0.3
4449,0.6
4450,0.9
4451,0.3
4452,0.3
4453,0.9
4454,0.3
4455,0
4456,0.3
4457,0.3
4458,0.9
4459,0.3
4460,0.3
4461,0
4462,0.6
4463,1.2
4464,0.6
4465,0.3
4466,0.9
4467,0.9
4468,0.6
4469,0.6
4470,0.6
4471,0.9
4472,1.2
4473,0.9
4474,0.3
4475,0
4476,0.9
4477,0.9
4478,0.3
4479,0.9
4480,0.3
4481,0.9
4482,0.6
4483,0
4484,0.6
4485,1.2
4486,0.6
4487,0.3
4488,0.6
4489,0
4490,0.9
4491,0.9
4492,0.3
4493,0.9
4494,0
4495,0.9
4496,0.3
4497,0.9
4498,0.6
4499,1.2
4500,0.3
4501,0
4502,0.3
4503,0.3
4504,0.6
4505,0.9
4506,0.9
4507,0.3
4508,0.9
4509,0.3
4510,0.9
4511,0.3
4512,0.9
4513,0.3
4514,0
4515,0
4516,0.6
4517,0
4518,0.9
4519,0.9
4520,0.3
4521,0.3
4522,0.6
4523,0
4524,0.3
4525,0.9
4526,0.3
4527,0.3
4528,0.6
4529,0.6
4530,0
4531,0.3
4532,0.6
4533,0.3
4534,0
4535,0.3
4536,0.3
4537,0.9
4538,0.9
4539,0.9
4540,0.9
4541,0.3
4542,0
4543,0.6
4544,0
4545,0.6
4546,0.3
4547,0.6
4548,0.6
4549,0.3
4550,0.9
4551,0.3
4552,0
4553,0.3
4554,0.9
4555,0.6
4556,0.6
4557,0
4558,0.3
4559,0.9
4560,0
4561,0.3
4562,0.3
4563,0.3
4564,0.9
4565,0.3
4566,0.6
4567,0.6
4568,0.9
4569,0
4570,0.6
4571,0.3
4572,0.3
4573,0.3
4574,1.2
4575,0.9
4576,0.9
4577,0
4578,0.6
4579,0.3
4580,0.3
4581,1.2
4582,0
4583,0.9
4584,0.6
4585,0.3
4586,0.3
4587,0.3
4588,0
4589,0.3
4590,0.3
4591,0.3
4592,0.9
4593,0.9
4594,0.9
4595,0.3
4596,0
4597,0.3
4598,0
4599,0.9
4600,0.3
4601,0.3
4602,0.9
4603,0.6
4604,0.6
4605,0
4606,0
4607,0.9
4608,0.9
4609,0.9
4610,0.9
4611,0.3
4612,0.9
4613,0
4614,0
4615,0.9
4616,0
4617,0.6
4618,0.9
4619,0
4620,0.3
4621,0
4622,0.6
4623,0.9
4624,0.9
4625,1.2
4626,1.2
4627,0.9
4628,0.6
4629,0
4630,0
4631,0.9
4632,1.2
4633,0.3
4634,0
4635,0
4636,0.3
4637,1.2
4638,0
4639,0.6
4640,0.3
4641,0.6
4642,1.2
4643,0
4644,0.9
4645,0.9
4646,0.9
4647,0.9
4648,0.6
4649,0.9
4650,0.6
4651,0.3
4652,0.3
4653,0.3
4654,0
4655,0.3
4656,0.3
4657,1.2
4658,0.9
4659,0.6
4660,0.6
4661,0.9
4662,0
4663,0.6
4664,0
4665,0.9
4666,0.3
4667,0.9
4668,0
4669,0.9
4670,0.3
4671,0.6
4672,0
4673,0.3
4674,0.6
4675,0.6
4676,0.3
4677,0.6
4678,0
4679,0.6
4680,0.9
4681,0
4682,0
4683,0.3
4684,0.9
4685,0.6
4686,0.9
4687,0.6
4688,0.6
4689,0
4690,0.3
4691,0.6
4692,0.6
4693,0.3
4694,0.9
4695,0.9
4696,0
4697,0.6
4698,0.6
4699,0.3
4700,0
4701,0.3
4702,0
4703,1.2
4704,0.9
4705,0.6
4706,0
4707,0
4708,0.9
4709,0.3
4710,0.9
4711,0.6
4712,1.2
4713,0.6
4714,0.3
4715,1.2
4716,0.6
4717,0.6
4718,0.6
4719,0
4720,0.6
4721,0.9
4722,0.6
4723,0
4724,0.6
4725,0.9
4726,0.3
4727,0.3
4728,0.6
4729,0.9
4730,0.6
4731,0.9
4732,0.6
4733,0.6
4734,0.3
4735,1.2
4736,0.3
4737,0
4738,0.6
4739,0
4740,0.6
4741,0.9
4742,0.6
4743,0
4744,0
4745,0
4746,0.3
4747,0.6
4748,0.6
4749,0.6
4750,0.3
4751,0.3
4752,0.9
4753,0.6
4754,0.6
4755,0.9
4756,0.9
4757,0.3
4758,0.3
4759,0.3
4760,0.9
4761,0.6
4762,0.6
4763,0.6
4764,0.3
4765,0.6
4766,0.9
4767,0.3
4768,0
4769,1.2
4770,0.3
4771,0.3
4772,0.6
4773,0
4774,0
4775,0.9
4776,0
4777,0.6
4778,0.9
4779,0.9
4780,0.9
4781,0.9
4782,0.6
4783,0.9
4784,0.9
4785,0
4786,0.3
4787,0.3
4788,0
4789,0.3
4790,0.6
4791,0.6
4792,0.3
4793,0.9
4794,0.3
4795,0.6
4796,0.3
4797,0.9
4798,0.6
4799,0.9
4800,0.6
4801,0.3
4802,0
4803,0
4804,1.2
4805,0.9
4806,0.6
4807,0.9
4808,0.3
4809,0.9
4810,0
4811,0
4812,0
4813,0.9
4814,0.3
4815,0.6
4816,0.6
4817,0.3
4818,0.9
4819,0.3
4820,0.3
4821,0.3
4822,0.9
4823,0
4824,0.3
4825,0.9
4826,1.2
4827,0.6
4828,0
4829,0.6
4830,0
4831,0.9
4832,0.3
4833,1.2
4834,0.3
4835,1.2
4836,0.6
4837,0.9
4838,0
4839,0.6
4840,0.6
4841,0
4842,0.3
4843,0.9
4844,0.9
4845,0.3
4846,0.6
4847,1.2
4848,0.3
4849,0
4850,0.6
4851,0.3
4852,0.3
4853,0.9
4854,0.3
4855,0.6
4856,0.3
4857,0.6
4858,0.6
4859,0.9
4860,0.3
4861,0.6
4862,0.6
4863,0.3
4864,0.3
4865,0.3
4866,0.3
4867,0.3
4868,0.6
4869,0.9
4870,0.3
4871,0.3
4872,0.9
4873,0.3
4874,0.3
4875,0.6
4876,0.9
4877,0.3
4878,0.3
4879,0
4880,1.2
4881,0.6
4882,0.3
4883,0.9
4884,0.9
4885,0.6
4886,0.9
4887,0
4888,0.6
4889,0.6
4890,0.9
4891,0.9
4892,0.9
4893,0.3
4894,0
4895,0.6
4896,0.3
4897,0.9
4898,0.6
4899,0.9
4900,0.9
4901,0.3
4902,0.6
4903,0.3
4904,0.3
4905,0
4906,0.3
4907,0.9
4908,0.9
4909,0.9
4910,0
4911,0.3
4912,0
4913,0.6
4914,0.6
4915,0
4916,0.6
4917,0
4918,0.3
4919,0.3
4920,0
4921,1.2
4922,1.2
4923,0
4924,0
4925,0
4926,0.6
4927,0.6
4928,0
4929,0.9
4930,0.3
4931,0.9
4932,0.3
4933,0.9
4934,1.2
4935,0
4936,0.6
4937,0.6
4938,0.3
4939,0.3
4940,0.9
4941,0
4942,0.9
4943,0.6
4944,0.3
4945,1.2
4946,0.9
4947,0.3
4948,0
4949,1.2
4950,0.6
4951,0.9
4952,0.3
4953,0.6
4954,0.9
4955,0
4956,0.6
4957,0.9
4958,0.3
4959,0.6
4960,0.6
4961,0.9
4962,0.3
4963,0.6
4964,0.6
4965,0
4966,0.9
4967,0.6
4968,0.6
4969,0.3
4970,0
4971,0.3
4972,0.3
4973,0.6
4974,0.6
4975,0.9
4976,0.3
4977,0.3
4978,0.6
4979,0.6
4980,0
4981,0.3
4982,0.3
4983,0.3
4984,0.6
4985,0.9
4986,1.2
4987,0.9
4988,0.3
4989,0.9
4990,0.3
4991,0.3
4992,0.9
4993,0.3
4994,0
4995,0.3
4996,0.3
4997,0.3
4998,0.6
4999,0.9
5000,0.6
5001,0.9
5002,0.9
5003,0.6
5004,0.6
5005,0
5006,0.9
5007,0
5008,1.2
5009,0.9
5010,0.6
5011,0.3
5012,0.6
5013,0
5014,0.6
5015,0.3
5016,0.3
5017,0.3
5018,0
5019,0
5020,0
5021,0.6
5022,0.3
5023,0.3
5024,0.6
5025,0.9
5026,0
5027,1.2
5028,0
5029,0.9
5030,1.2
5031,0.6
5032,0.9
5033,0.9
5034,0.9
5035,0.6
5036,1.2
5037,0.6
5038,0.9
5039,0
5040,0.6
5041,0
5042,0.9
5043,0.3
5044,0.3
5045,0.6
5046,0.6
5047,0.3
5048,0.6
5049,0.6
5050,0.9
5051,0
5052,0.6
5053,0
5054,1.2
5055,0.9
5056,0.6
5057,0.9
5058,0.3
5059,0
5060,0.9
5061,0.3
5062,0.3
5063,0.3
5064,0
5065,0.6
5066,0.9
5067,0.6
5068,0
5069,0.9
5070,0.6
5071,0.9
5072,0.6
5073,0.6
5074,0
5075,0.3
5076,1.2
5077,0.3
5078,0.6
5079,0.9
5080,0
5081,0
5082,0.3
5083,0.9
5084,0.9
5085,0.3
5086,0.9
5087,0.9
5088,0.9
5089,0.6
5090,0.3
5091,0
5092,0
5093,0.6
5094,0
5095,0
5096,0.3
5097,0.3
5098,0.6
5099,0
5100,0
5101,0.3
5102,0
5103,0
5104,0
5105,0
5106,0.3
5107,0.9
5108,0.6
5109,0.3
5110,0.3
5111,0.6
5112,0.9
5113,0.6
5114,1.2
5115,0.9
5116,0.6
5117,0.9
5118,0.6
5119,0.9
5120,0.3
5121,0.3
5122,0.6
5123,0.6
5124,0.6
5125,0
5126,0.9
5127,0.3
5128,0.9
5129,0.6
5130,0.6
5131,0
5132,0.9
5133,0.9
5134,0.3
5135,0.3
5136,0.6
5137,0.3
5138,0
5139,0.3
5140,0
5141,0
5142,0
5143,0.3
5144,0.3
5145,0.6
5146,0
5147,0.3
5148,0.6
5149,0
5150,0.9
5151,0.9
5152,0.6
5153,0
5154,0.3
5155,0.6
5156,1.2
5157,0.3
5158,0.6
5159,0.6
5160,0
5161,0.3
5162,0
5163,0.6
5164,0.6
5165,1.2
5166,1.2
5167,0.3
5168,0.3
5169,0.9
5170,0.9
5171,0.3
5172,0.6
5173,0.3
5174,0.3
5175,0.6
5176,0.9
5177,0.9
5178,0.3
5179,0.9
5180,0.9
5181,0.6
5182,0.6
5183,0
5184,0.9
5185,1.2
5186,0.6
5187,0
5188,0.9
5189,0.9
5190,0.6
5191,0.6
5192,0.6
5193,0.6
5194,0.6
5195,0
5196,0.3
5197,0.9
5198,0.9
5199,0.9
5200,0.3
5201,0.6
5202,0.6
5203,0.9
5204,0.3
5205,0.3
5206,0.9
5207,0.6
5208,0
5209,0.6
5210,0.3
5211,0.6
5212,0
5213,0
5214,0.6
5215,0.9
5216,0.6
5217,0.9
5218,1.2
5219,0
5220,0
5221,0.3
5222,0.9
5223,0.6
5224,0.6
5225,0.9
5226,1.2
5227,0.9
5228,0
5229,0.3
5230,1.2
5231,0.6
5232,1.2
5233,1.2
5234,0.3
5235,0.3
5236,0
5237,1.2
5238,0.3
5239,0.3
5240,0.9
5241,0.3
5242,0
5243,0
5244,0.9
5245,0.9
5246,0.3
5247,1.2
5248,0.3
5249,0.9
5250,0.3
5251,0.6
5252,0.6
5253,0
5254,0.9
5255,0.6
5256,0.9
5257,0
5258,0.3
5259,0
5260,0
5261,0.6
5262,0.6
5263,0
5264,0.6
5265,0.6
5266,0.3
5267,0.9
5268,0
5269,0.9
5270,0.3
5271,0
5272,0
5273,0
5274,0
5275,1.2
5276,0.9
5277,0.6
5278,0
5279,0.3
5280,1.2
5281,0.9
5282,0.3
5283,0.3
5284,0.6
5285,0.9
5286,0.6
5287,0.9
5288,1.2
5289,0
5290,0
5291,0.6
5292,0.6
5293,0.3
5294,0.6
5295,0.9
5296,0.9
5297,0
5298,0.3
5299,0.6
5300,0
5301,0.3
5302,0.6
5303,0
5304,0.6
5305,0.9
5306,0
5307,0.9
5308,0.9
5309,0.3
5310,0.3
5311,0
5312,0
5313,0.9
5314,0.9
5315,0.6
5316,0
5317,0.3
5318,0.6
5319,0.6
5320,0.3
5321,0.3
5322,0.3
5323,0.3
5324,0.6
5325,0.6
5326,0.6
5327,0.3
5328,0.6
5329,0
5330,0.9
5331,0.6
5332,0
5333,0.6
5334,0.3
5335,0.3
5336,0.9
5337,0.9
5338,0.6
5339,0.3
5340,1.2
5341,0.9
5342,0.6
5343,0.9
5344,0.9
5345,0.3
5346,0.3
5347,0
5348,0
5349,0.6
5350,0.6
5351,0.6
5352,0.6
5353,0.9
5354,0
5355,0.3
5356,0.3
5357,1.2
5358,0
5359,0.3
5360,0
5361,0.6
5362,0.3
5363,0.6
5364,0.6
5365,1.2
5366,0.6
5367,0.3
5368,0.6
5369,0.3
5370,0.3
5371,0
5372,0.9
5373,0.9
5374,0.6
5375,0
5376,0
5377,1.2
5378,0.3
5379,0.9
5380,0.9
5381,0.9
5382,0
5383,0
5384,0.3
5385,0
5386,0
5387,0.6
5388,0.3
5389,0.6
5390,0
5391,0.3
5392,0.3
5393,0.3
5394,1.2
5395,0
5396,0.6
5397,0.9
5398,1.2
5399,0.9
5400,0.3
5401,0.3
5402,0
5403,0.6
5404,0.3
5405,0.6
5406,0.6
5407,0.3
5408,0.6
5409,0.6
5410,0.6
5411,0.9
5412,1.2
5413,0.9
5414,0.3
5415,0.9
5416,0.3
5417,0.6
5418,0.6
5419,0.3
5420,0.3
5421,0.9
5422,0.9
5423,0.6
5424,0.3
5425,0.3
5426,0
5427,0.6
5428,0.9
5429,0.6
5430,0.6
5431,1.2
5432,0.9
5433,0.6
5434,0.9
5435,0.3
5436,0.6
5437,0.6
5438,0
5439,0.6
5440,0
5441,0.9
5442,0.6
5443,1.2
5444,0
5445,0.9
5446,0
5447,0.3
5448,0.3
5449,0.9
5450,0.3
5451,1.2
5452,0.3
5453,0.9
5454,0.9
5455,0.6
5456,0.6
5457,0
5458,0.6
5459,0.3
5460,0.9
5461,0.9
5462,0
5463,0.6
5464,0
5465,0.6
5466,0.3
5467,0.3
5468,0.3
5469,0.3
5470,0
5471,0.6
5472,0.6
5473,0.3
5474,0.3
5475,0.6
5476,0.6
5477,0
5478,0
5479,0.9
5480,0
5481,0.6
5482,0.9
5483,0
5484,0.9
5485,0.6
5486,0
5487,0.3
5488,0.9
5489,1.2
5490,0.9
5491,0.6
5492,0.6
5493,0.3
5494,0.6
5495,0
5496,0.3
5497,0.3
5498,0.9
5499,0.6
5500,0.3
5501,0
5502,0.3
5503,0.3
5504,0.6
5505,0.9
5506,1.2
5507,0.3
5508,0
5509,0.6
5510,0.6
5511,0.9
5512,0
5513,0.9
5514,0
5515,0.3
5516,0.3
5517,0.6
5518,0.6
5519,0.6
5520,0.6
5521,1.2
5522,0.9
5523,1.2
5524,0.9
5525,0.9
5526,0.9
5527,0.9
5528,0.6
5529,0.6
5530,0.6
5531,0.3
5532,0.6
5533,0
5534,0.3
5535,0
5536,0.3
5537,0.6
5538,0.9
5539,0
5540,0.6
5541,0.6
5542,0.3
5543,0.6
5544,0.6
5545,0
5546,0.3
5547,0.3
5548,0.9
5549,0.9
5550,0.3
5551,0
5552,0.6
5553,0.9
5554,0
5555,0
5556,1.2
5557,0.3
5558,0.3
5559,0.3
5560,0.9
5561,0
5562,0.3
5563,0.3
5564,0.3
5565,0.9
5566,0.3
5567,0.9
5568,0.6
5569,0.9
5570,0.3
5571,0
5572,0.9
5573,0.6
5574,0.6
5575,0.6
5576,0
5577,0.3
5578,0
5579,0.9
5580,0
5581,0.6
5582,0.6
5583,0
5584,0.6
5585,0.9
5586,0.6
5587,0.9
5588,1.2
5589,0.9
5590,0.3
5591,0
5592,0.6
5593,0.6
5594,0.6
5595,0.6
5596,0.9
5597,0.3
5598,0.9
5599,0
5600,0.6
5601,0.6
5602,0.9
5603,0
5604,0.3
5605,0.9
5606,0.9
5607,0.3
5608,0.3
5609,0.3
5610,0.3
5611,0.3
5612,0.3
5613,0.3
5614,0.3
5615,0.3
5616,0
5617,0.3
5618,0.3
5619,0.3
5620,0.6
5621,0.3
5622,0
5623,0.3
5624,0
5625,0.6
5626,1.2
5627,0.6
5628,0.6
5629,0.3
5630,1.2
5631,0.9
5632,0.9
5633,0
5634,0.3
5635,0.9
5636,0.6
5637,0.3
5638,0.6
5639,0.6
5640,0
5641,0.6
5642,0.9
5643,0
5644,0.3
5645,0.6
5646,0.3
5647,0.6
5648,0.6
5649,0.3
5650,0.6
5651,0.9
5652,1.2
5653,0
5654,0.3
5655,1.2
5656,0.6
5657,0.3
5658,0.3
5659,0
5660,0.9
5661,0
5662,0.3
5663,0.9
5664,0.3
5665,0.6
5666,0
5667,0.6
5668,0.3
5669,0.3
5670,0.6
5671,0.6
5672,0.6
5673,0.6
5674,0.9
5675,0.3
5676,0.6
5677,0
5678,0.9
5679,0.3
5680,0.3
5681,0.9
5682,0.6
5683,0.9
5684,0.9
5685,0
5686,0.3
5687,0
5688,0
5689,0.9
5690,0.3
5691,0
5692,0.3
5693,0
5694,0.9
5695,0.9
5696,0.9
5697,0.3
5698,0.6
5699,0
5700,0.9
5701,0.3
5702,0.9
5703,1.2
5704,0.9
5705,0.3
5706,0.9
5707,0
5708,1.2
5709,0.3
5710,0
5711,0.6
5712,0.3
5713,0.3
5714,0.9
5715,0.9
5716,0.3
5717,0.3
5718,0.6
5719,0.6
5720,0.6
5721,0.9
5722,0.3
5723,0.3
5724,0.3
5725,0.6
5726,0.9
5727,0.6
5728,0.9
5729,0
5730,0.3
5731,0
5732,0.6
5733,0.9
5734,0.6
5735,0.3
5736,0.9
5737,0.6
5738,0
5739,0.3
5740,1.2
5741,0.3
5742,0
5743,0.3
5744,0.3
5745,0
5746,1.2
5747,0.3
5748,0.6
5749,0.6
5750,0.9
5751,0.3
5752,0.3
5753,0.9
5754,0.6
5755,0
5756,0.6
5757,0.6
5758,0.3
5759,0.3
5760,0.9
5761,0.3
5762,0
5763,0.3
5764,0
5765,0.6
5766,1.2
5767,0.6
5768,0.3
5769,0.6
5770,0.9
5771,0.9
5772,0.6
5773,0.9
5774,0.9
5775,0.6
5776,0.6
5777,0
5778,0.6
5779,0.3
5780,0.6
5781,0.6
5782,0.6
5783,0
5784,0.6
5785,0.6
5786,1.2
5787,0.3
5788,0.9
5789,0.3
5790,1.2
5791,0.3
5792,0.6
5793,0
5794,0.6
5795,0.6
5796,0.9
5797,0.6
5798,0.6
5799,0.6
5800,0.3
5801,0.3
5802,1.2
5803,0
5804,0.6
5805,0.6
5806,0.9
5807,0.6
5808,0.6
5809,0.6
5810,0.3
5811,0.3
5812,0.9
5813,0.6
5814,0.3
5815,0.9
5816,0.3
5817,0.9
5818,0.6
5819,0.3
5820,0.9
5821,1.2
5822,0.9
5823,0
5824,0.6
5825,0.3
5826,0.9
5827,0
5828,0.6
5829,0.3
5830,0.3
5831,1.2
5832,0.6
5833,0.6
5834,0.9
5835,0.3
5836,0.9
5837,0
5838,0.6
5839,0.6
5840,0.9
5841,0.9
5842,0.9
5843,0.6
5844,0.9
5845,0.3
5846,1.2
5847,0.6
5848,0.3
5849,0.6
5850,0
5851,0.6
5852,0.9
5853,0.9
5854,0
5855,0.3
5856,1.2
5857,0.3
5858,0
5859,0.6
5860,0.3
5861,0.3
5862,0.6
5863,1.2
5864,0.3
5865,0.6
5866,0.3
5867,0.3
5868,0.6
5869,0.9
5870,0.3
5871,0
5872,0.6
5873,0.9
5874,0.6
5875,0.3
5876,0
5877,0.6
5878,0.6
5879,0.9
5880,0.6
5881,0.3
5882,0
5883,0.3
5884,0.9
5885,0.6
5886,0
5887,0.9
5888,0
5889,0
5890,0
5891,0.6
5892,0
5893,0
5894,0.9
5895,0.9
5896,0.9
5897,1.2
5898,0.3
5899,0.3
5900,0
5901,0
5902,0.3
5903,0.6
5904,0.9
5905,0.6
5906,0
5907,0.3
5908,0.3
5909,0.9
5910,0
5911,0.9
5912,0.9
5913,0
5914,0.3
5915,0.9
5916,0.3
5917,1.2
5918,0.6
5919,0.3
5920,0.9
5921,0.6
5922,0.3
5923,0.6
5924,0.6
5925,0.3
5926,0.9
5927,0.9
5928,0.6
5929,0.6
5930,0.6
5931,0.3
5932,0.3
5933,0.3
5934,0.9
5935,0.6
5936,0.9
5937,0.6
5938,0.9
5939,0.6
5940,1.2
5941,0.6
5942,0.3
5943,0.9
5944,1.2
5945,0
5946,0
5947,0.9
5948,0
5949,0.6
5950,0.9
5951,0.6
5952,0.9
5953,0.6
5954,0.6
5955,0.3
5956,0.9
5957,0.9
5958,0.3
5959,0.6
5960,0.3
5961,0.6
5962,0.9
5963,0.6
5964,0.3
5965,0.6
5966,0.6
5967,0.3
5968,0.9
5969,0.3
5970,0.9
5971,0.3
5972,0.6
5973,0
5974,0
5975,0.3
5976,0.6
5977,0.9
5978,0.9
5979,0.6
5980,0.9
5981,0.3
5982,0.9
5983,0
5984,0.9
5985,0.9
5986,0.3
5987,0
5988,0.3
5989,0.6
5990,0.6
5991,0.9
5992,0.3
5993,0
5994,0
5995,1.2
5996,0
5997,0.9
5998,0.6
5999,0.9
6000,0.6
6001,1.2
6002,0
6003,0.6
6004,0.3
6005,0.6
6006,0.3
6007,0.3
6008,0.6
6009,0.6
6010,0
6011,0
6012,0.3
6013,0.3
6014,0.6
6015,0
6016,0.3
6017,0.3
6018,0.3
6019,0.3
6020,0.6
6021,0.6
6022,0
6023,0.6
6024,0.9
6025,0.3
6026,0.6
6027,0.6
6028,0
6029,0
6030,0.6
6031,0.6
6032,0.9
6033,0.3
6034,0.9
6035,0.3
6036,0.3
6037,0.3
6038,0
6039,0.6
6040,0.6
6041,0.6
6042,0
6043,0.9
6044,0.3
6045,0.9
6046,0.9
6047,0.3
6048,0.9
6049,0
6050,0.9
6051,0.6
6052,0.6
6053,0.9
6054,0.3
6055,0.9
6056,0.9
6057,0.6
6058,0
6059,0.3
6060,0.6
6061,0.6
6062,0.3
6063,0.9
6064,0.9
6065,0.9
6066,0.3
6067,0.9
6068,0
6069,0.6
6070,0.3
6071,0.6
6072,0.3
6073,0.3
6074,0.9
6075,0.6
6076,0.9
6077,0
6078,0.3
6079,0.3
6080,0
6081,0.3
6082,0.9
6083,0
6084,0.6
6085,0.3
6086,0.9
6087,0
6088,0.9
6089,0.6
6090,0.9
6091,0.6
6092,0.9
6093,0.6
6094,0.9
6095,0.3
6096,0
6097,0.6
6098,0.3
6099,0.3
6100,0.9
6101,0.3
6102,0
6103,0.3
6104,0.6
6105,1.2
6106,0
6107,0.6
6108,0.3
6109,0.9
6110,0.6
6111,0.9
6112,0
6113,0.3
6114,0.3
6115,0
6116,0.6
6117,0.6
6118,0
6119,1.2
6120,0.3
6121,0.3
6122,0.3
6123,0.3
6124,0.3
6125,0.6
6126,0.3
6127,0.9
6128,0
6129,0.9
6130,0
6131,0.3
6132,0.9
6133,0.9
6134,0.9
6135,0.9
6136,0.3
6137,0
6138,0.6
6139,0.3
6140,1.2
6141,0.6
6142,0.6
6143,0.6
6144,0.9
6145,0
6146,0.3
6147,0.9
6148,0.9
6149,0
6150,0
6151,1.2
6152,0.6
6153,0.9
6154,0.6
6155,0.6
6156,1.2
6157,0.6
6158,0.9
6159,0
6160,0.9
6161,1.2
6162,0
6163,0.3
6164,0.6
6165,0.9
6166,0
6167,1.2
6168,0
6169,0.3
6170,0.3
6171,0.9
6172,0
6173,0.9
6174,0.3
6175,0
6176,0.3
6177,0.6
6178,0.3
6179,0
6180,0
6181,0.9
6182,0.9
6183,0.6
6184,0.3
6185,0.9
6186,1.2
6187,0.3
6188,0.9
6189,0.6
6190,0.9
6191,0.6
6192,0.9
6193,0
6194,0.6
6195,0.6
6196,0.3
6197,0.6
6198,0.6
6199,0
6200,0.3
6201,0
6202,0.3
6203,0.9
6204,0.6
6205,0
6206,0.3
6207,0.6
6208,0
6209,0.9
6210,0.9
6211,0.9
6212,0
6213,0.3
6214,0.6
6215,0.6
6216,0.6
6217,0.9
6218,0.6
6219,0.9
6220,0.3
6221,0.6
6222,0.9
6223,0.6
6224,0.6
6225,0
6226,0.3
6227,0
6228,0.6
6229,0
6230,0.9
6231,0.6
6232,0
6233,0.3
6234,0.9
6235,0.3
6236,0
6237,0.3
6238,0.6
6239,0.6
6240,0.3
6241,0.6
6242,0.6
6243,0.9
6244,0.6
6245,0.6
6246,0
6247,0.3
6248,0.3
6249,0.6
6250,0.6
6251,0.3
6252,0.3
6253,0
6254,0
6255,0.6
6256,0.9
6257,0.3
6258,1.2
6259,0.9
6260,0.6
6261,0.3
6262,0
6263,0.3
6264,0
6265,0.6
6266,0.3
6267,0.9
6268,0.6
6269,0.9
6270,0.9
6271,0.3
6272,0.3
6273,0.6
6274,0.9
6275,0.6
6276,0.9
6277,0.6
6278,0.9
6279,0.9
6280,0.6
6281,1.2
6282,0.3
6283,0.3
6284,0.9
6285,0
6286,0.3
6287,0.6
6288,0
6289,0.3
6290,0
6291,0
6292,0
6293,0.3
6294,0.9
6295,0
6296,0
6297,0.6
6298,1.2
6299,0.6
6300,0.9
6301,0.6
6302,0
6303,0
6304,0
6305,0
6306,0.3
6307,0
6308,0.9
6309,0.3
6310,0.3
6311,0.3
6312,0
6313,0.6
6314,0.3
6315,0
6316,0.3
6317,0.9
6318,0.9
6319,0
6320,0.3
6321,0
6322,0
6323,0.3
6324,0.3
6325,0.3
6326,0.9
6327,0.9
6328,0
6329,0.3
6330,0.9
6331,0.6
6332,0.9
6333,0.3
6334,0.9
6335,0.3
6336,0.9
6337,0.9
6338,0.6
6339,0.3
6340,0
6341,0.3
6342,0.3
6343,1.2
6344,0.6
6345,0.6
6346,0.6
6347,0.3
6348,0.6
6349,0.9
6350,0.3
6351,0.9
6352,0
6353,0
6354,0.3
6355,0.3
6356,0
6357,0.9
6358,0
6359,0
6360,0.9
6361,0.3
6362,0.6
6363,0.6
6364,0.6
6365,0.3
6366,0.6
6367,0.6
6368,0
6369,0.6
6370,0
6371,0
6372,0.6
6373,0.6
6374,0.9
6375,0.9
6376,0.6
6377,0
6378,0.9
6379,0.6
6380,0.3
6381,0
6382,0.3
6383,0.9
6384,0
6385,0.3
6386,0.6
6387,0.3
6388,0
6389,0.3
6390,0.3
6391,0.6
6392,0
6393,0.3
6394,0.3
6395,1.2
6396,1.2
6397,0
6398,0.6
6399,0
6400,0.6
6401,0
6402,0.6
6403,0.9
6404,0.6
6405,0
6406,0
6407,0.3
6408,0.3
6409,1.2
6410,0
6411,0
6412,0.9
6413,0.3
6414,0
6415,0.3
6416,0
6417,0.6
6418,0.9
6419,0
6420,0.9
6421,0.9
6422,0.9
6423,0
6424,1.2
6425,0
6426,0.6
6427,0.6
6428,0
6429,0.3
6430,0.6
6431,0.9
6432,0
6433,1.2
6434,1.2
6435,0
6436,0.3
6437,0.6
6438,0.6
6439,0.3
6440,0.6
6441,0.3
6442,0.9
6443,0.3
6444,0
6445,0.9
6446,0.3
6447,0.3
6448,0.9
6449,0
6450,0.9
6451,0.6
6452,0.3
6453,0.3
6454,0.6
6455,0.9
6456,1.2
6457,1.2
6458,0.6
6459,1.2
6460,0.9
6461,0.6
6462,0.6
6463,0.6
6464,0.6
6465,1.2
6466,0.3
6467,0.6
6468,0
6469,0
6470,0.6
6471,0
6472,0.6
6473,0.6
6474,0.3
6475,0.3
6476,0
6477,0.3
6478,0.6
6479,0
6480,0.3
6481,0
6482,0.9
6483,0.6
6484,0.3
6485,0
6486,0.3
6487,1.2
6488,0.9
6489,0.9
6490,0.9
6491,0.9
6492,0.3
6493,0.3
6494,0.9
6495,0.3
6496,0.9
6497,0.9
6498,0.3
6499,0.6
6500,0
6501,0.3
6502,0.9
6503,0
6504,0.3
6505,0.6
6506,0
6507,0.3
6508,0.3
6509,0.6
6510,0
6511,0.9
6512,0.9
6513,0.9
6514,1.2
6515,0.9
6516,0
6517,0.3
6518,0.6
6519,0.3
6520,0
6521,0.6
6522,0.9
6523,0.9
6524,0
6525,0.9
6526,0.6
6527,0.3
6528,0.6
6529,0.9
6530,0.9
6531,0.3
6532,0.6
6533,0.3
6534,0.9
6535,0.9
6536,0.3
6537,0.6
6538,0
6539,0.3
6540,0.6
6541,0.3
6542,0
6543,0.3
6544,0.9
6545,0
6546,0.9
6547,0.6
6548,1.2
6549,0.9
6550,0
6551,0.9
6552,0.3
6553,0
6554,0.9
6555,0.9
6556,0.3
6557,0.6
6558,0.6
6559,0.3
6560,0.3
6561,0.6
6562,0.3
6563,0.9
6564,0.3
6565,0.3
6566,0.3
6567,0.9
6568,1.2
6569,0.6
6570,0.6
6571,0.6
6572,0.6
6573,0.6
6574,0.9
6575,0.9
6576,0.9
6577,0.9
6578,0.9
6579,0.9
6580,0
6581,0.3
6582,0.6
6583,0.3
6584,0.9
6585,0.6
6586,0.6
6587,0.3
6588,0.6
6589,0
6590,0.3
6591,0.3
6592,1.2
6593,0.3
6594,0.3
6595,0.6
6596,0.6
6597,0.3
6598,0.6
6599,0.9
6600,0.9
6601,0
6602,0
6603,0.3
6604,0.9
6605,0.6
6606,0.6
6607,1.2
6608,0.3
6609,0.6
6610,0
6611,0.6
6612,0.6
6613,0.9
6614,0.9
6615,0.9
6616,0
6617,0.6
6618,0
6619,0.6
6620,0.9
6621,0
6622,0.9
6623,0.3
6624,0.6
6625,0.3
6626,0.3
6627,0.6
6628,0.9
6629,0.9
6630,1.2
6631,0.9
6632,0.9
6633,0.3
6634,0.3
6635,0.9
6636,0.9
6637,0
6638,0.6
6639,0.3
6640,0.6
6641,0
6642,0.3
6643,0
6644,0.6
6645,1.2
6646,0.6
6647,0
6648,0.3
6649,0.9
6650,0.3
6651,0.3
6652,0.6
6653,0.3
6654,0.3
6655,0.6
6656,0.9
6657,0.6
6658,0.9
6659,0.3
6660,0
6661,0.9
6662,0
6663,0.3
6664,0.6
6665,0.9
6666,0
6667,0.9
6668,0.6
6669,0.6
6670,0.3
6671,0.3
6672,0.9
6673,0.3
6674,0
6675,0.9
6676,0.6
6677,1.2
6678,1.2
6679,0.6
6680,0.6
6681,1.2
6682,0.3
6683,0.9
6684,0.6
6685,0.6
6686,0.3
6687,0.6
6688,0
6689,0.3
6690,0.3
6691,0.6
6692,0.9
6693,0.9
6694,0.6
6695,0.6
6696,0.6
6697,0.3
6698,0.6
6699,0.3
6700,0
6701,0.3
6702,0
6703,0
6704,0.9
6705,0.9
6706,0
6707,0.3
6708,0.6
6709,0.3
6710,0.9
6711,0.6
6712,0.6
6713,0
6714,0.6
6715,0.9
6716,0
6717,0.6
6718,0.3
6719,0.6
6720,0.6
6721,0.6
6722,0
6723,0
6724,0.6
6725,0.3
6726,0.6
6727,0.6
6728,0
6729,0
6730,0.3
6731,0.9
6732,0.9
6733,0.3
6734,0
6735,0.6
6736,0.3
6737,1.2
6738,0.3
6739,0.3
6740,0.3
6741,0.3
6742,0
6743,0.9
6744,0.6
6745,0.3
6746,0.9
6747,0.9
6748,0.6
6749,0.6
6750,0
6751,0.3
6752,0.6
6753,0.3
6754,0.6
6755,0
6756,0
6757,0.3
6758,0.3
6759,0.3
6760,0.6
6761,0
6762,0.6
6763,0.3
6764,0.6
6765,0.6
6766,0
6767,0
6768,0.6
6769,0.3
6770,0.6
6771,0.9
6772,0
6773,0.3
6774,0.9
6775,0
6776,0.6
6777,1.2
6778,0.9
6779,0.6
6780,0.3
6781,0.9
6782,0.3
6783,0.9
6784,0.9
6785,0
6786,0.3
6787,0.3
6788,0.6
6789,0.3
6790,0.6
6791,1.2
6792,1.2
6793,0.3
6794,0.6
6795,1.2
6796,0
6797,0.3
6798,0.6
6799,0.9
6800,0
6801,0
6802,0.9
6803,0.3
6804,0.9
6805,0
6806,0.6
6807,0.6
6808,0.3
6809,0
6810,0.9
6811,0
6812,0
6813,0.6
6814,0.9
6815,0.9
6816,0.3
6817,0.6
6818,0.9
6819,0.3
6820,0.9
6821,0.9
6822,1.2
6823,0.9
6824,0.6
6825,0.3
6826,0
6827,0.6
6828,0
6829,0.3
6830,0
6831,0
6832,0.6
6833,0.3
6834,0.9
6835,0.6
6836,0.3
6837,0.6
6838,0.3
6839,0.9
6840,0.3
6841,0.6
6842,0.3
6843,0
6844,0.9
6845,0.3
6846,0
6847,0
6848,0
6849,0
6850,0.3
6851,1.2
6852,0.3
6853,0
6854,1.2
6855,0.9
6856,0.6
6857,0.3
6858,0.6
6859,0.6
6860,0.9
6861,0.6
6862,0.6
6863,0.9
6864,0.3
6865,0
6866,1.2
6867,0.3
6868,0.9
6869,0.6
6870,0.9
6871,0.6
6872,1.2
6873,0
6874,0.6
6875,0.9
6876,0.3
6877,0
6878,0.3
6879,0.9
6880,0
6881,0.6
6882,0.9
6883,0
6884,0.3
6885,0.3
6886,0.3
6887,0.3
6888,0.6
6889,0
6890,0.3
6891,0
6892,0.6
6893,0.6
6894,0.3
6895,0.3
6896,0.3
6897,0.3
6898,0.3
6899,0.6
6900,0.6
6901,0.3
6902,0.3
6903,0.3
6904,0.9
6905,0.6
6906,0
6907,0.3
6908,0.3
6909,0.9
6910,0
6911,0.9
6912,0.3
6913,0.9
6914,0.3
6915,0.3
6916,0.6
6917,0
6918,0.6
6919,0.3
6920,0.6
6921,0.6
6922,0.9
6923,0.3
6924,0.9
6925,0.9
6926,0.6
6927,0
6928,0.9
6929,0.3
6930,0.3
6931,0.3
6932,0.3
6933,0.6
6934,0.6
6935,0.3
6936,0.3
6937,0
6938,0.6
6939,0.3
6940,0
6941,0.3
6942,0
6943,0
6944,0.3
6945,0.3
6946,0
6947,1.2
6948,0.6
6949,0.9
6950,0.6
6951,0.3
6952,0.3
6953,0.3
6954,0.6
6955,0
6956,0.9
6957,0.9
6958,0.3
6959,0.3
6960,0.9
6961,0.3
6962,1.2
6963,0.9
6964,1.2
6965,0
6966,0
6967,0
6968,0.9
6969,0
6970,0.9
6971,0.6
6972,0.3
6973,0
6974,0.6
6975,0.9
6976,0.3
6977,0.9
6978,0.6
6979,0.9
6980,0.3
6981,0.9
6982,0.6
6983,0.9
6984,0
6985,0.9
6986,0.3
6987,0
6988,0.9
6989,0
6990,0.6
6991,0.3
6992,0.3
6993,0.9
6994,0
6995,0
6996,0
6997,0
6998,0.9
6999,0.6
7000,0.6
7001,0.9
7002,0.6
7003,0.9
7004,0
7005,0.6
7006,0.6
7007,0.9
7008,0
7009,0
7010,0
7011,0.6
7012,0
7013,0.6
7014,0
7015,0.6
7016,0
7017,1.2
7018,1.2
7019,0.9
7020,0
7021,0.9
7022,0.3
7023,0.9
7024,0.9
7025,0.6
7026,0.6
7027,0.9
7028,0.9
7029,0.9
7030,0.6
7031,0.3
7032,0.9
7033,0.6
7034,0.3
7035,0
7036,0.6
7037,0
7038,0
7039,0
7040,0.9
7041,0.6
7042,0.6
7043,0
7044,0.3
7045,0.3
7046,0.3
7047,0.3
7048,0
7049,0
7050,0.6
7051,0
7052,0.9
7053,0.3
7054,0.3
7055,0.3
7056,0.6
7057,0.3
7058,0.9
7059,0.3
7060,0.3
7061,0.9
7062,1.2
7063,0.3
7064,0
7065,0
7066,0.9
7067,0.9
7068,0.6
7069,0
7070,0
7071,0
7072,0.6
7073,0
7074,1.2
7075,0.9
7076,0.9
7077,0.6
7078,0.6
7079,0.9
7080,0.6
7081,0.9
7082,0.6
7083,0.9
7084,0.3
7085,0.3
7086,0
7087,0.9
7088,0
7089,0.6
7090,0.3
7091,1.2
7092,0.9
7093,0.6
7094,0
7095,0
7096,0.9
7097,0
7098,0.9
7099,0.3
7100,0.6
7101,0
7102,0
7103,0.3
7104,0
7105,0
7106,0
7107,0
7108,0.3
7109,0.3
7110,0.9
7111,0.9
7112,0.9
7113,0.3
7114,0.9
7115,0.3
7116,0
7117,0.9
7118,0.3
7119,0.6
7120,0.9
7121,0.9
7122,0
7123,0.9
7124,0.3
7125,0.6
7126,0.9
7127,0.9
7128,0
7129,0.9
7130,0.9
7131,0.3
7132,0.9
7133,0.3
7134,0.6
7135,0.6
7136,0.9
7137,0.9
7138,0.9
7139,0.6
7140,0
7141,0.3
7142,0.3
7143,0.9
7144,0
7145,0.3
7146,0.9
7147,0.9
7148,0.9
7149,0.3
7150,0.9
7151,0.6
7152,0.3
7153,0.3
7154,0
7155,0
7156,0.6
7157,0.6
7158,0
7159,0.9
7160,0.9
7161,0.6
7162,0.3
7163,0.6
7164,0.9
7165,1.2
7166,0
7167,0.6
7168,0
7169,0.6
7170,0.6
7171,0.3
7172,0.6
7173,1.2
7174,0.3
7175,0
7176,0
7177,0.9
7178,0.6
7179,0.6
7180,0
7181,0.3
7182,0.3
7183,0.6
7184,0.6
7185,0.3
7186,0.3
7187,0.3
7188,0.9
7189,0.6
7190,0.3
7191,0.3
7192,1.2
7193,0.6
7194,0.3
7195,0.6
7196,0.3
7197,0.9
7198,0.3
7199,0.6
7200,0
7201,0.9
7202,0.3
7203,0.9
7204,0.6
7205,0
7206,0.6
7207,0
7208,1.2
7209,0.6
7210,0.9
7211,0.6
7212,0.9
7213,0
7214,1.2
7215,0
7216,0
7217,0.3
7218,0.9
7219,0.3
7220,0.9
7221,0
7222,0.6
7223,0.3
7224,0.6
7225,0.9
7226,0.3
7227,0.9
7228,1.2
7229,0.6
7230,0.6
7231,0
7232,0.3
7233,0
7234,0.6
7235,0.6
7236,0.6
7237,0.9
7238,0.6
7239,0.3
7240,0.6
7241,0.3
7242,0.9
7243,0.6
7244,0.6
7245,1.2
7246,0.6
7247,0.6
7248,0.6
7249,0.3
7250,0
7251,0
7252,0.6
7253,0.9
7254,0.6
7255,1.2
7256,0.3
7257,0.3
7258,0
7259,0.3
7260,0.9
7261,0.6
7262,0.9
7263,0.9
7264,0
7265,0.9
7266,0.9
7267,0.6
7268,0
7269,0.6
7270,0
7271,0.6
7272,0.9
7273,0.6
7274,0.6
7275,0
7276,0.6
7277,0.9
7278,0.6
7279,0.6
7280,0
7281,0.9
7282,1.2
7283,0.6
7284,0.6
7285,0.6
7286,0.6
7287,0.3
7288,0.9
7289,1.2
7290,0.3
7291,0.6
7292,0.3
7293,0.3
7294,0.3
7295,1.2
7296,0.9
7297,0.6
7298,0.3
7299,0.3
7300,0.6
7301,0.9
7302,0.3
7303,0.3
7304,0.6
7305,0.6
7306,0.9
7307,0.6
7308,0.3
7309,0.3
7310,0.6
7311,0.6
7312,0.9
7313,0.3
7314,0.6
7315,1.2
7316,0
7317,0
7318,0
7319,0.3
7320,0.3
7321,0
7322,0
7323,0.6
7324,0.3
7325,0.9
7326,0.3
7327,0.6
7328,0
7329,0.3
7330,0
7331,0.9
7332,0
7333,0.9
7334,0.6
7335,0.9
7336,1.2
7337,0
7338,0.3
7339,0.3
7340,0.9
7341,0.9
7342,0.3
7343,0
7344,0.9
7345,0.6
7346,0.9
7347,0.6
7348,0
7349,1.2
7350,0.3
7351,0.3
7352,0.6
7353,0
7354,0
7355,0.9
7356,0.6
7357,0.6
7358,0.9
7359,0
7360,0.6
7361,1.2
7362,0.6
7363,0.9
7364,0.9
7365,0
7366,0.3
7367,0.6
7368,0.3
7369,0
7370,0.3
7371,0.9
7372,0.9
7373,0.9
7374,0
7375,0.9
7376,0.9
7377,0.3
7378,0.9
7379,0.3
7380,0.9
7381,0.9
7382,0
7383,0
7384,0.9
7385,0
7386,0.6
7387,0.6
7388,0.6
7389,0
7390,0.3
7391,0.9
7392,0.3
7393,0.6
7394,0.6
7395,0.6
7396,0.9
7397,0.9
7398,0
7399,0.6
7400,0.3
7401,0.9
7402,0.9
7403,0.9
7404,0.3
7405,0.9
7406,0.9
7407,0.3
7408,0.3
7409,0.3
7410,0
7411,1.2
7412,0.6
7413,0.3
7414,0.9
7415,0
7416,0
7417,0.6
7418,0.6
7419,0.9
7420,0.3
7421,0.6
7422,0.9
7423,0
7424,0.3
7425,0.6
7426,0.3
7427,0.9
7428,0.9
7429,0.6
7430,0.6
7431,0.3
7432,0.9
7433,0
7434,0
7435,0.3
7436,0.9
7437,0.3
7438,0
7439,0.3
7440,0
7441,1.2
7442,0.6
7443,0.3
7444,0.3
7445,0.3
7446,0.9
7447,0.3
7448,0.9
7449,0.9
7450,0.6
7451,0.6
7452,0.3
7453,0.6
7454,1.2
7455,1.2
7456,0
7457,0.3
7458,0.3
7459,0.9
7460,0.3
7461,0
7462,0.3
7463,0
7464,0.3
7465,0.9
7466,0
7467,0.6
7468,0.9
7469,0.6
7470,0.9
7471,0
7472,0.3
7473,0.9
7474,0
7475,0.9
7476,0.3
7477,0.3
7478,0
7479,0.6
7480,0.3
7481,0
7482,0.9
7483,0.9
7484,0.6
7485,1.2
7486,0.6
7487,0
7488,0.9
7489,0.6
7490,0.9
7491,0.9
7492,0
7493,0.6
7494,0.6
7495,0.3
7496,0.6
7497,0.3
7498,0.3
7499,0
7500,0
7501,0.9
7502,0
7503,0.3
7504,0.3
7505,0.6
7506,0.6
7507,0
7508,0.3
7509,0
7510,0.6
7511,0.3
7512,0.3
7513,0.3
7514,0
7515,0.6
7516,0
7517,0.9
7518,0.6
7519,0.3
7520,0.6
7521,0.3
7522,0.9
7523,0
7524,1.2
7525,1.2
7526,0
7527,0.3
7528,0
7529,0.6
7530,0.9
7531,0
7532,0
7533,0.6
7534,0.6
7535,0.3
7536,0.3
7537,0.3
7538,0.6
7539,0.9
7540,0.6
7541,0.9
7542,0.6
7543,0.9
7544,0.3
7545,0
7546,0.3
7547,0.3
7548,0.3
7549,0.3
7550,0
7551,0.9
7552,0.3
7553,0.9
7554,0.3
7555,0.3
7556,0.3
7557,0
7558,0.6
7559,0
7560,0.6
7561,0.3
7562,0.6
7563,0.3
7564,0.6
7565,1.2
7566,0
7567,0.3
7568,0.6
7569,0.6
7570,0.6
7571,0.9
7572,0.3
7573,0.6
7574,0.3
7575,0.3
7576,0.6
7577,0.6
7578,0.9
7579,0
7580,0.3
7581,0
7582,0.6
7583,0.3
7584,0
7585,0.9
7586,0.3
7587,0.3
7588,0.9
7589,0.9
7590,0.9
7591,0.6
7592,0.3
7593,1.2
7594,0.3
7595,0.6
7596,0
7597,0.3
7598,0.9
7599,0.6
7600,0.3
7601,0.6
7602,0
7603,0.6
7604,0.3
7605,0.3
7606,0.6
7607,0.9
7608,0.6
7609,0.9
7610,0.6
7611,0.9
7612,0.9
7613,0
7614,0.6
7615,0.3
7616,0.9
7617,0.3
7618,0.3
7619,0.6
7620,0.6
7621,0.3
7622,0.3
7623,0.9
7624,0.3
7625,0.9
7626,0.9
7627,0
7628,0
7629,0.6
7630,0.6
7631,0.9
7632,0.6
7633,0
7634,0.3
7635,0.3
7636,0.3
7637,0
7638,0.3
7639,0.3
7640,1.2
7641,0.6
7642,0.6
7643,0
7644,0
7645,0
7646,0.6
7647,0.9
7648,0.3
7649,0.6
7650,0
7651,0
7652,0.6
7653,0.6
7654,0
7655,0.6
7656,0.3
7657,0.6
7658,0.3
7659,0.3
7660,0.9
7661,0
7662,0.3
7663,0.3
7664,0
7665,0.6
7666,0.9
7667,0
7668,0.3
7669,0.3
7670,0.3
7671,0.6
7672,0.9
7673,0.3
7674,0.9
7675,0.9
7676,0
7677,1.2
7678,0.9
7679,0.6
7680,1.2
7681,0.6
7682,0.6
7683,0.3
7684,0.6
7685,1.2
7686,0.9
7687,0
7688,0.6
7689,0.6
7690,0.9
7691,0
7692,0.6
7693,0.3
7694,0.9
7695,0.9
7696,0.9
7697,0.6
7698,0.9
7699,0.9
7700,0.3
7701,0.9
7702,0.3
7703,0.9
7704,0
7705,0.3
7706,0
7707,0.6
7708,1.2
7709,0
7710,0.6
7711,0.3
7712,0.6
7713,0.3
7714,0
7715,0.6
7716,0
7717,0
7718,0.6
7719,0
7720,0.3
7721,0.6
7722,0.6
7723,0
7724,0.6
7725,0.6
7726,0
7727,0
7728,0.9
7729,0.6
7730,1.2
7731,0.9
7732,0.3
7733,0.6
7734,0
7735,0
7736,1.2
7737,0.6
7738,0.6
7739,0
7740,0.3
7741,0.3
7742,1.2
7743,0.6
7744,0.6
7745,0.9
7746,0.6
7747,0
7748,0.9
7749,0.3
7750,0
7751,0
7752,1.2
7753,0.9
7754,0.9
7755,0.3
7756,0.6
7757,0.6
7758,0
7759,0.3
7760,0.3
7761,0.9
7762,0.3
7763,0
7764,0.3
7765,0.6
7766,0.6
7767,0.3
7768,0
7769,0.6
7770,0.3
7771,0.6
7772,0.3
7773,0.9
7774,0.3
7775,0.9
7776,0.9
7777,0.6
7778,0.3
7779,0.6
7780,0.6
7781,0.9
7782,0.6
7783,0.9
7784,0.6
7785,0.3
7786,0
7787,0.6
7788,0.6
7789,0
7790,0.9
7791,0.9
7792,0
7793,0.3
7794,0
7795,0.9
7796,0.6
7797,0.3
7798,0.6
7799,0.6
7800,0.3
7801,0.9
7802,0.6
7803,0
7804,0
7805,0.9
7806,0.6
7807,0
7808,0.6
7809,0.3
7810,0.3
7811,0.6
7812,0
7813,0.6
7814,0.3
7815,0.3
7816,0
7817,0.3
7818,0
7819,0.9
7820,0.9
7821,0.6
7822,0.9
7823,0.6
7824,0
7825,0
7826,0.6
7827,0.6
7828,0.3
7829,0
7830,0.9
7831,1.2
7832,0.6
7833,0
7834,0.9
7835,0
7836,0.3
7837,0.3
7838,0.3
7839,0
7840,0.9
7841,0
7842,0.3
7843,0.6
7844,0.3
7845,0.6
7846,1.2
7847,0.3
7848,0.6
7849,0
7850,0
7851,0.6
7852,0.6
7853,0.9
7854,0.9
7855,0.9
7856,0.3
7857,0
7858,0.9
7859,0.6
7860,0.9
7861,0.6
7862,0.6
7863,0.3
7864,0.3
7865,0.3
7866,0.3
7867,0
7868,0.6
7869,0.3
7870,0.6
7871,0.6
7872,1.2
7873,0.6
7874,0.9
7875,0.6
7876,0.6
7877,0.3
7878,0.3
7879,0.9
7880,0.3
7881,0
7882,0.6
7883,0.6
7884,0.3
7885,0.3
7886,0
7887,0.6
7888,0.9
7889,0.6
7890,0.9
7891,0.9
7892,0.6
7893,0.3
7894,0
7895,0
7896,0.6
7897,0.6
7898,0.6
7899,0.6
7900,0.3
7901,0
7902,0
7903,0.6
7904,0.6
7905,0
7906,0.3
7907,0.3
7908,0
7909,0.9
7910,0.3
7911,0.9
7912,0.9
7913,0.6
7914,0.6
7915,0.9
7916,0.3
7917,0.6
7918,0.3
7919,0
7920,0.3
7921,0
7922,0
7923,0
7924,1.2
7925,0
7926,0.6
7927,0.6
7928,0
7929,0.3
7930,0
7931,0.6
7932,0.3
7933,0.3
7934,0.9
7935,0.9
7936,0.3
7937,0.9
7938,0.3
7939,0
7940,0.9
7941,0.9
7942,0.3
7943,0
7944,0.6
7945,0.6
7946,0
7947,0.3
7948,0.3
7949,0.9
7950,0.9
7951,0.9
7952,0.3
7953,0.6
7954,0.9
7955,0.6
7956,0.3
7957,0.3
7958,1.2
7959,0
7960,0
7961,0.3
7962,0.3
7963,0.3
7964,1.2
7965,0.3
7966,0
7967,0
7968,0
7969,0
7970,0.3
7971,0.9
7972,0
7973,0.6
7974,0.6
7975,0.6
7976,0.6
7977,0
7978,0.9
7979,0
7980,0.9
7981,0
7982,0
7983,0.3
7984,0.9
7985,0.6
7986,0.6
7987,0.3
7988,0.3
7989,0.3
7990,0.6
7991,0
7992,0
7993,0.6
7994,0.6
7995,0
7996,0
7997,0.3
7998,0.3
7999,0.6
8000,1.2
8001,0.9
8002,0.6
8003,0.3
8004,0.6
8005,0.6
8006,0.9
8007,0
8008,0.3
8009,0.9
8010,0
8011,1.2
8012,0.6
8013,0.6
8014,0.6
8015,0.9
8016,0.9
8017,0.6
8018,0
8019,0.9
8020,0.3
8021,0.6
8022,0.3
8023,0.3
8024,0.9
8025,0
8026,0
8027,0.6
8028,0
8029,0
8030,0.6
8031,0.6
8032,0.9
8033,1.2
8034,0.3
8035,0.9
8036,0.9
8037,0
8038,0.3
8039,0.9
8040,1.2
8041,1.2
8042,0
8043,0.6
8044,0.9
8045,0.9
8046,0
8047,0.9
8048,0.6
8049,0.6
8050,0.3
8051,0.9
8052,0
8053,0
8054,0.6
8055,0.9
8056,0.9
8057,0.6
8058,0.9
8059,0.9
8060,0.9
8061,0.3
8062,0.3
8063,0
8064,0.6
8065,0
8066,0.9
8067,0.6
8068,0.3
8069,0.3
8070,0.3
8071,0.6
8072,0.3
8073,0.9
8074,0.6
8075,0.9
8076,0.6
8077,0.6
8078,0
8079,0.9
8080,0.9
8081,0
8082,0.6
8083,0.6
8084,0.6
8085,0.9
8086,0.9
8087,0.6
8088,0.3
8089,0.9
8090,1.2
8091,0
8092,0.9
8093,0.9
8094,0.6
8095,0.9
8096,0.9
8097,0
8098,0
8099,0.3
8100,0.3
8101,0.3
8102,0
8103,0.9
8104,0
8105,0
8106,0
8107,0.9
8108,0.6
8109,0.9
8110,0.3
8111,0.3
8112,0
8113,0.9
8114,1.2
8115,0.6
8116,0.3
8117,0.6
8118,0.9
8119,1.2
8120,0.9
8121,0
8122,0.9
8123,0
8124,0.3
8125,0.6
8126,0
8127,0.3
8128,0.6
8129,0.3
8130,0.6
8131,0.9
8132,0.9
8133,0.6
8134,0.3
8135,0.3
8136,0.9
8137,0.6
8138,0.9
8139,0
8140,0.6
8141,0.3
8142,0.3
8143,0.9
8144,0
8145,0.9
8146,0.6
8147,0.9
8148,1.2
8149,0.3
8150,0.6
8151,0.9
8152,0.3
8153,0.9
8154,0
8155,0.6
8156,0.9
8157,0.3
8158,0
8159,0.9
8160,0
8161,1.2
8162,0
8163,0.3
8164,0.6
8165,0.3
8166,1.2
8167,0.9
8168,0
8169,1.2
8170,0.3
8171,0.6
8172,0.6
8173,0.9
8174,0.6
8175,0.6
8176,0.6
8177,0.3
8178,0.6
8179,0
8180,0.3
8181,0.6
8182,0.3
8183,0.9
8184,0.6
8185,0.3
8186,0
8187,0.9
8188,0.6
8189,0.6
8190,0.3
8191,0.9
8192,0.3
8193,0
8194,0.3
8195,0
8196,0.3
8197,0
8198,0.3
8199,0.3
8200,0.3
8201,0.6
8202,0.9
8203,0.3
8204,0.6
8205,0.3
8206,0.3
8207,0.6
8208,0.6
8209,0
8210,0.6
8211,0.9
8212,0.3
8213,0
8214,0.6
8215,0
8216,0.3
8217,0.3
8218,0.9
8219,0.3
8220,0
8221,0
8222,0
8223,1.2
8224,0.3
8225,0.6
8226,0.6
8227,0.3
8228,0.3
8229,0
8230,0.3
8231,0.6
8232,1.2
8233,0.6
8234,0.9
8235,0
8236,0.9
8237,0
8238,0
8239,0.6
8240,0.6
8241,1.2
8242,0.9
8243,0.6
8244,0
8245,0
8246,0
8247,1.2
8248,0.9
8249,0.9
8250,0.6
8251,0.6
8252,0.3
8253,0.9
8254,0
8255,0.3
8256,0.6
8257,1.2
8258,0.3
8259,0.3
8260,0.6
8261,0.6
8262,0.6
8263,0.3
8264,0.3
8265,0
8266,0
8267,0.3
8268,0.3
8269,0.6
8270,0.6
8271,0
8272,1.2
8273,0.9
8274,0
8275,0.3
8276,0.3
8277,0.3
8278,0.3
8279,0.9
8280,0.3
8281,0.3
8282,0
8283,0.6
8284,0.9
8285,0.3
8286,0.9
8287,0.3
8288,0.6
8289,0.6
8290,0.6
8291,0.3
8292,0
8293,0.9
8294,0.3
8295,0.3
8296,0.9
8297,0.6
8298,1.2
8299,0.6
8300,0
8301,0.3
8302,0.9
8303,0.9
8304,0.3
8305,0.6
8306,0.3
8307,0.3
8308,0.3
8309,0.9
8310,0.3
8311,0.3
8312,0
8313,0.6
8314,1.2
8315,0.6
8316,0.3
8317,0
8318,0.9
8319,0.3
8320,0.6
8321,0.3
8322,0.3
8323,0.6
8324,0.3
8325,0.9
8326,0.9
8327,0.3
8328,0.9
8329,0.3
8330,0.6
8331,0.3
8332,0.9
8333,0.9
8334,0.3
8335,0.9
8336,0.3
8337,0.3
8338,0.3
8339,0
8340,0.9
8341,0.6
8342,1.2
8343,0.9
8344,0.6
8345,0.3
8346,0
8347,0
8348,0.3
8349,0
8350,0.9
8351,0.9
8352,0
8353,0
8354,0.6
8355,0.6
8356,0.9
8357,0
8358,0.6
8359,0
8360,0.9
8361,0.9
8362,0
8363,0
8364,0.3
8365,0.9
8366,0.6
8367,0.9
8368,0.9
8369,0.6
8370,1.2
8371,0.3
8372,0.3
8373,0
8374,0.3
8375,0.6
8376,0.9
8377,0.3
8378,0
8379,0.3
8380,0.9
8381,0.3
8382,0.9
8383,0.6
8384,0.9
8385,0.9
8386,0.9
8387,0.6
8388,0.3
8389,0.9
8390,0.6
8391,0.6
8392,0.9
8393,0.6
8394,0.3
8395,0.3
8396,0.6
8397,0.9
8398,0.6
8399,0.6
8400,0
8401,0.9
8402,0.6
8403,1.2
8404,0.6
8405,0.6
8406,0.3
8407,0.9
8408,0.3
8409,0
8410,0
8411,0.3
8412,0.3
8413,0.6
8414,0.9
8415,0.3
8416,1.2
8417,0.6
8418,0.9
8419,0.6
8420,0.3
8421,0.3
8422,0
8423,0
8424,0
8425,0.9
8426,0.6
8427,0.3
8428,0.6
8429,0.9
8430,0.6
8431,0.6
8432,0.6
8433,0
8434,0
8435,0.6
8436,0.6
8437,0.9
8438,0.3
8439,0.9
8440,0.3
8441,0.9
8442,0.6
8443,0
8444,0.9
8445,0
8446,0
8447,0.3
8448,0.9
8449,0
8450,0.9
8451,0
8452,0.3
8453,0.3
8454,0.6
8455,0.9
8456,0.3
8457,0
8458,0.9
8459,0
8460,0
8461,0.6
8462,0.6
8463,0.6
8464,0
8465,0.3
8466,0.3
8467,0.6
8468,0
8469,0.6
8470,0.3
8471,0.9
8472,0.3
8473,0.3
8474,0.3
8475,0
8476,0.9
8477,0
8478,0.3
8479,0.6
8480,0.9
8481,0.6
8482,0.9
8483,0
8484,0.6
8485,0.3
8486,0
8487,0.9
8488,0.9
8489,0
8490,0.3
8491,0
8492,0.6
8493,0.3
8494,0.9
8495,0.3
8496,0
8497,0.9
8498,0.9
8499,0.3
8500,0.3
8501,0.6
8502,0
8503,0.6
8504,0.3
8505,0
8506,0.6
8507,0.3
8508,0.3
8509,0
8510,0
8511,0.9
8512,0.9
8513,0
8514,0.9
8515,0.9
8516,0
8517,0.3
8518,0.9
8519,0.6
8520,0.3
8521,0.3
8522,0.3
8523,0.3
8524,0.3
8525,0
8526,0.3
8527,0.9
8528,0.6
8529,0
8530,0.3
8531,0.3
8532,0
8533,0
8534,0.3
8535,0.9
8536,0
8537,0.3
8538,0.6
8539,0.3
8540,0.6
8541,0.9
8542,0.9
8543,0.6
8544,0.9
8545,0
8546,1.2
8547,0
8548,0.6
8549,0
8550,0.3
8551,0.3
8552,0
8553,0.3
8554,0
8555,0.3
8556,0.6
8557,0
8558,0
8559,0.9
8560,0.3
8561,0.6
8562,0
8563,0.3
8564,0.9
8565,0.9
8566,1.2
8567,0
8568,0.3
8569,0.3
8570,1.2
8571,0
8572,0.3
8573,0.9
8574,0.9
8575,0.9
8576,1.2
8577,0.3
8578,0.3
8579,0.9
8580,0.6
8581,1.2
8582,0.6
8583,0.3
8584,0.9
8585,0.6
8586,0.9
8587,0.3
8588,0.6
8589,0.3
8590,0.6
8591,0
8592,0.3
8593,0.3
8594,0.3
8595,0.3
8596,0.6
8597,1.2
8598,0.3
8599,0.6
8600,0.6
8601,0.3
8602,0.3
8603,0.9
8604,0.6
8605,0.3
8606,0.6
8607,0.6
8608,0.9
8609,0
8610,0.6
8611,0.6
8612,0.6
8613,0.3
8614,0.6
8615,0.6
8616,0.9
8617,0.3
8618,0.9
8619,0
8620,0
8621,0.3
8622,0.3
8623,0.3
8624,0.6
8625,0.6
8626,0.9
8627,0.3
8628,0.9
8629,0.6
8630,0.3
8631,0.3
8632,1.2
8633,0.9
8634,0.9
8635,0.3
8636,0.6
8637,0
8638,0.3
8639,0.9
8640,0.6
8641,0.6
8642,0.6
8643,0.3
8644,0
8645,0
8646,0.3
8647,0
8648,0.3
8649,0.9
8650,0.6
8651,0.6
8652,0.3
8653,0.9
8654,0.9
8655,0.3
8656,0.6
8657,0.9
8658,1.2
8659,0.9
8660,1.2
8661,0.3
8662,0.3
8663,0
8664,0.6
8665,0
8666,0.6
8667,0.6
8668,0
8669,0.6
8670,0.3
8671,0.6
8672,0.6
8673,0.9
8674,0.9
8675,0.9
8676,1.2
8677,0.3
8678,0.9
8679,0
8680,0.6
8681,0.9
8682,0.6
8683,0.9
8684,0.6
8685,0.9
8686,0.3
8687,0.3
8688,0
8689,0.9
8690,0.3
8691,0.9
8692,0.6
8693,0.3
8694,0.3
8695,0
8696,0.6
8697,0.3
8698,0.9
8699,0.3
8700,0.6
8701,0.6
8702,0.3
8703,0.6
8704,0.9
8705,0.6
8706,0.9
8707,0.3
8708,0.9
8709,0.3
8710,0.3
8711,0
8712,0.9
8713,0.6
8714,0.3
8715,0.6
8716,0
8717,0.6
8718,0
8719,0.9
8720,0.6
8721,0.9
8722,0.3
8723,0.3
8724,1.2
8725,0.6
8726,0.9
8727,0.6
8728,0
8729,0
8730,0
8731,0.6
8732,0
8733,0.3
8734,0.3
8735,0.9
8736,0.3
8737,0.9
8738,0
8739,0
8740,0.3
8741,0.6
8742,0.9
8743,1.2
8744,0.6
8745,0
8746,0
8747,0.3
8748,0
8749,0.3
8750,0.3
8751,0
8752,0.6
8753,0.6
8754,0.9
8755,0
8756,0.9
8757,0.9
8758,0.9
8759,0.6
8760,0.3
8761,0.3
8762,0.9
8763,0.6
8764,0
8765,0
8766,0.6
8767,0.9
8768,0.6
8769,0.6
8770,0.6
8771,1.2
8772,0.9
8773,0.6
8774,0
8775,0
8776,0.6
8777,0.3
8778,0.6
8779,0.6
8780,0.9
8781,0.3
8782,0.3
8783,0.6
8784,0
8785,0
8786,0
8787,0.3
8788,0.3
8789,0
8790,0.9
8791,0.9
8792,0.9
8793,0
8794,0.9
8795,0.3
8796,0
8797,0
8798,0
8799,0.3
8800,0.9
8801,0
8802,0.6
8803,0.6
8804,0.9
8805,0.9
8806,0
8807,0
8808,0.6
8809,0
8810,0.6
8811,0.3
8812,0.3
8813,0.9
8814,0.9
8815,0
8816,0.6
8817,0.9
8818,0.9
8819,0.3
8820,0.6
8821,0
8822,0.9
8823,0
8824,1.2
8825,0.3
8826,0.6
8827,0.9
8828,0.3
8829,0.3
8830,0.3
8831,1.2
8832,0.3
8833,0.6
8834,0.3
8835,0.3
8836,0.3
8837,0.9
8838,0.9
8839,0.9
8840,0.6
8841,0.9
8842,0.9
8843,0
8844,0.6
8845,0.9
8846,0.6
8847,0.3
8848,0.9
8849,0.6
8850,0.6
8851,0.6
8852,1.2
8853,0.9
8854,0.9
8855,0.3
8856,0.3
8857,0.6
8858,0.6
8859,0.6
8860,0.6
8861,0
8862,0.6
8863,0.3
8864,0.9
8865,1.2
8866,0.3
8867,0.6
8868,0
8869,0.6
8870,0.9
8871,0.9
8872,0.3
8873,0
8874,0
8875,0.9
8876,0.9
8877,0.9
8878,0.3
8879,0
8880,0.3
8881,0
8882,0.3
8883,0.6
8884,0.3
8885,0.6
8886,0
8887,0.3
8888,0
8889,0
8890,0.6
8891,0.6
8892,0.9
8893,0
8894,1.2
8895,0.6
8896,0.6
8897,0.3
8898,0.6
8899,0.3
8900,0.3
8901,0.6
8902,0.6
8903,1.2
8904,0
8905,0.6
8906,0.9
8907,0.9
8908,0.6
8909,0.9
8910,0.3
8911,0.3
8912,0
8913,0.9
8914,0.3
8915,0.6
8916,0.3
8917,0.3
8918,0.6
8919,0.6
8920,0.6
8921,0.6
8922,0.9
8923,0
8924,0.6
8925,0.3
8926,0.3
8927,0.3
8928,0.9
8929,0.6
8930,0.3
8931,0.6
8932,0
8933,0
8934,1.2
8935,0.9
8936,0.9
8937,0
8938,0.6
8939,0.3
8940,0.3
8941,0.9
8942,0.3
8943,0.3
8944,0.6
8945,0.9
8946,0
8947,0.9
8948,0.9
8949,0.6
8950,0.9
8951,0.6
8952,0.3
8953,0.6
8954,0.9
8955,0.3
8956,0.6
8957,1.2
8958,0.3
8959,0.6
8960,0.3
8961,0.9
8962,0
8963,0.3
8964,0
8965,0.9
8966,0.9
8967,0.9
8968,0.3
8969,0.3
8970,0.3
8971,1.2
8972,0.3
8973,0.6
8974,0.6
8975,0.3
8976,0
8977,0.3
8978,0.3
8979,0.9
8980,0.3
8981,0.6
8982,0.3
8983,0
8984,1.2
8985,0.3
8986,1.2
8987,0.9
8988,0.9
8989,0
8990,0.3
8991,0.3
8992,0.6
8993,0.3
8994,0.6
8995,0
8996,0.9
8997,0.6
8998,0
8999,0
9000,0.6
9001,0.3
9002,0
9003,1.2
9004,0.9
9005,0
9006,0.9
9007,0
9008,0.6
9009,0.6
9010,1.2
9011,0
9012,0.6
9013,0
9014,0
9015,0.9
9016,0.6
9017,0.6
9018,0.3
9019,0.6
9020,0.3
9021,0.6
9022,0.3
9023,0
9024,0.9
9025,0
9026,0.9
9027,0.9
9028,0
9029,0.6
9030,0.3
9031,0.3
9032,0.6
9033,0.9
9034,0.3
9035,0.6
9036,0.6
9037,0
9038,0.6
9039,0.6
9040,0
9041,0
9042,0.6
9043,0.3
9044,0.9
9045,0.6
9046,0.3
9047,0.3
9048,0.9
9049,0.3
9050,0.6
9051,0
9052,0.6
9053,0.3
9054,0.6
9055,0.9
9056,0.3
9057,0.3
9058,0.3
9059,0.9
9060,0.3
9061,0.9
9062,0.9
9063,0.3
9064,0.3
9065,0.3
9066,0.6
9067,0.9
9068,0.9
9069,0
9070,0.6
9071,0.6
9072,0.9
9073,0.6
9074,0.6
9075,0.9
9076,0.3
9077,0.3
9078,0.3
9079,0.9
9080,0.6
9081,0.3
9082,0.9
9083,1.2
9084,0.6
9085,0.3
9086,0.6
9087,0
9088,0.9
9089,0.9
9090,0
9091,0.9
9092,0.3
9093,0.3
9094,0.3
9095,0.3
9096,0
9097,0.6
9098,0
9099,0.9
9100,0.9
9101,0.9
9102,0
9103,0.9
9104,0.3
9105,0.3
9106,0.6
9107,0
9108,0.3
9109,0
9110,0.6
9111,0.6
9112,0.3
9113,0.6
9114,0.9
9115,0
9116,0.3
9117,0.6
9118,0
9119,0.9
9120,0.6
9121,0.6
9122,0.6
9123,0.3
9124,0.3
9125,0.9
9126,0.6
9127,0.3
9128,0.3
9129,0
9130,0.3
9131,0.9
9132,0
9133,0
9134,0
9135,1.2
9136,0.3
9137,1.2
9138,0.6
9139,0.6
9140,0.9
9141,0.6
9142,1.2
9143,0.3
9144,0.9
9145,0
9146,0
9147,0.3
9148,0.9
9149,0
9150,1.2
9151,0.6
9152,0.6
9153,0.6
9154,0
9155,0.9
9156,1.2
9157,0
9158,0.3
9159,0
9160,1.2
9161,0.3
9162,0.6
9163,1.2
9164,0.3
9165,0
9166,0.3
9167,0.3
9168,0.9
9169,0.3
9170,0.3
9171,0
9172,0
9173,0.6
9174,0.9
9175,0
9176,0.9
9177,0
9178,0.3
9179,0.3
9180,0.9
9181,1.2
9182,0
9183,0.9
9184,0.9
9185,0.6
9186,0
9187,1.2
9188,0.3
9189,0.9
9190,0.9
9191,1.2
9192,0.6
9193,0.3
9194,0.6
9195,0.9
9196,0
9197,0.6
9198,0.3
9199,0.3
9200,0.3
9201,0.3
9202,0.6
9203,0
9204,0.3
9205,0.9
9206,0.9
9207,0
9208,0.6
9209,0.9
9210,0
9211,0.9
9212,0.9
9213,0.6
9214,0.6
9215,0.6
9216,0.6
9217,0.9
9218,0.9
9219,0.9
9220,0.9
9221,0
9222,0.6
9223,0.9
9224,0.3
9225,0.3
9226,0.3
9227,0.9
9228,0.3
9229,0.6
9230,0.3
9231,0.6
9232,0.3
9233,0
9234,0.9
9235,0.9
9236,1.2
9237,0.6
9238,0.3
9239,0.3
9240,0.3
9241,0
9242,0
9243,0.6
9244,0.3
9245,0.6
9246,1.2
9247,0
9248,0
9249,0.6
9250,0.6
9251,0.9
9252,0.3
9253,0.9
9254,0.3
9255,0.3
9256,0.3
9257,0.3
9258,0
9259,0.6
9260,0.3
9261,0
9262,0
9263,1.2
9264,0.3
9265,0.6
9266,0.3
9267,1.2
9268,0
9269,1.2
9270,0.3
9271,0.9
9272,0.6
9273,0
9274,0.9
9275,0.3
9276,0
9277,0
9278,0
9279,0.3
9280,0.3
9281,0.6
9282,0.3
9283,0.3
9284,0.6
9285,0
9286,0.3
9287,0.6
9288,0.9
9289,0.9
9290,0.6
9291,0.3
9292,0.6
9293,0.3
9294,0.3
9295,0.3
9296,0.9
9297,0.6
9298,0.3
9299,0.3
9300,0.3
9301,0.3
9302,0.6
9303,0
9304,0.3
9305,0.3
9306,0.3
9307,0.3
9308,0.6
9309,0.6
9310,0.3
9311,0.6
9312,0.3
9313,0
9314,0
9315,0.6
9316,0
9317,0.6
9318,0.3
9319,0.9
9320,0
9321,0.6
9322,0.3
9323,0.3
9324,0.3
9325,0.3
9326,1.2
9327,0.9
9328,1.2
9329,0.9
9330,0.3
9331,0.3
9332,0.9
9333,0.3
9334,0
9335,0.3
9336,0.3
9337,0
9338,0.6
9339,0.6
9340,0.6
9341,1.2
9342,0.3
9343,0
9344,0.6
9345,0.3
9346,0
9347,0
9348,0.6
9349,1.2
9350,0.6
9351,0
9352,0.9
9353,0.3
9354,0.9
9355,0.3
9356,0.9
9357,0.3
9358,0.3
9359,1.2
9360,0.6
9361,0.3
9362,0.6
9363,0.6
9364,0
9365,0.3
9366,0
9367,0.6
9368,0
9369,0.9
9370,0.9
9371,0.9
9372,0
9373,0.6
9374,0.3
9375,0.3
9376,0.9
9377,0.9
9378,1.2
9379,0.3
9380,0.9
9381,1.2
9382,0
9383,0.6
9384,0.9
9385,0.9
9386,0.9
9387,0.3
9388,0
9389,1.2
9390,0
9391,0
9392,0.6
9393,0.9
9394,0.6
9395,0.3
9396,0.6
9397,0.9
9398,0.6
9399,0
9400,0.9
9401,0.3
9402,0.3
9403,0.6
9404,0.3
9405,0.3
9406,0.6
9407,0.3
9408,0.9
9409,1.2
9410,0.9
9411,0
9412,0.6
9413,0.3
9414,0
9415,0.3
9416,0.3
9417,0.9
9418,0
9419,0
9420,0.9
9421,0.6
9422,0.3
9423,0.9
9424,0
9425,0.3
9426,0.6
9427,0.6
9428,0
9429,0.9
9430,0.9
9431,0
9432,0.6
9433,0.6
9434,0.9
9435,0.9
9436,0.3
9437,0.3
9438,0.3
9439,0.6
9440,0.6
9441,0.3
9442,0.6
9443,0.9
9444,0.9
9445,0.6
9446,0.3
9447,0.3
9448,0.6
9449,0.6
9450,0.9
9451,0.3
9452,0.6
9453,1.2
9454,0.3
9455,0.3
9456,0.9
9457,0.3
9458,1.2
9459,0.3
9460,0.9
9461,0
9462,0.9
9463,0.9
9464,0.6
9465,0.3
9466,0.9
9467,1.2
9468,0
9469,0.3
9470,0.3
9471,0
9472,0
9473,0.3
9474,0.6
9475,0.9
9476,0.9
9477,0
9478,0.9
9479,0.3
9480,0.6
9481,0.6
9482,0.3
9483,0.3
9484,0.6
9485,0.6
9486,0.3
9487,0.6
9488,0.3
9489,0.9
9490,0.3
9491,0.9
9492,0.6
9493,0
9494,0.6
9495,0.3
9496,0.3
9497,0.9
9498,0
9499,0.3
9500,0.3
9501,0
9502,0.3
9503,0.3
9504,0.9
9505,0.3
9506,0.6
9507,0.9
9508,0
9509,0.9
9510,1.2
9511,0.9
9512,0.9
9513,0.3
9514,0.9
9515,0.9
9516,0.3
9517,0.6
9518,0.9
9519,0.9
9520,0.3
9521,0.6
9522,0.9
9523,0.6
9524,0
9525,0.9
9526,0
9527,0
9528,0.9
9529,1.2
9530,0.6
9531,0.9
9532,0.9
9533,0.3
9534,0.3
9535,0
9536,0.9
9537,0.3
9538,0.6
9539,0.9
9540,0
9541,0.6
9542,0.9
9543,0.6
9544,0.6
9545,0.6
9546,0
9547,0.9
9548,0
9549,0.9
9550,0.3
9551,0.3
9552,0.3
9553,0
9554,0.6
9555,1.2
9556,0
9557,0.6
9558,0.3
9559,0.6
9560,0.3
9561,0.3
9562,0.9
9563,0
9564,0.6
9565,0
9566,0.3
9567,0.6
9568,0.3
9569,0.9
9570,0.6
9571,0.9
9572,0.3
9573,0
9574,0.6
9575,0
9576,0
9577,1.2
9578,0.3
9579,0.3
9580,0.6
9581,0.3
9582,0.9
9583,0.3
9584,0.9
9585,0.9
9586,0
9587,0.3
9588,0.6
9589,0.6
9590,0.3
9591,0.3
9592,0.9
9593,0
9594,0.6
9595,0.3
9596,0
9597,0.9
9598,1.2
9599,0.6
9600,0.9
9601,0.6
9602,0.6
9603,0.3
9604,0.3
9605,0.6
9606,0.9
9607,0.3
9608,0.3
9609,0.6
9610,0
9611,0.3
9612,0.3
9613,0.6
9614,0.6
9615,0.3
9616,0.3
9617,0.3
9618,0.9
9619,0
9620,0.3
9621,0.3
9622,0
9623,0.3
9624,0
9625,0.6
9626,1.2
9627,0.3
9628,1.2
9629,0
9630,0.6
9631,0.3
9632,0.3
9633,0
9634,0
9635,0.3
9636,0.6
9637,0.3
9638,0.3
9639,0.9
9640,0.3
9641,0.9
9642,0.9
9643,0
9644,0.3
9645,0.3
9646,0.3
9647,0.9
9648,0.9
9649,0.6
9650,0.6
9651,0
9652,0.9
9653,0.6
9654,0.3
9655,0.6
9656,0.3
9657,0
9658,0.3
9659,0.9
9660,0.6
9661,0.6
9662,0
9663,0.3
9664,0.6
9665,0.6
9666,0
9667,0.3
9668,0.6
9669,1.2
9670,1.2
9671,0.6
9672,0.9
9673,0
9674,0.9
9675,1.2
9676,0.6
9677,0.6
9678,0.6
9679,0.9
9680,0.6
9681,0.3
9682,0.9
9683,0.3
9684,0
9685,0.6
9686,0
9687,0
9688,0.6
9689,0.6
9690,0.9
9691,0.3
9692,0.6
9693,0.9
9694,0.9
9695,0
9696,0.3
9697,0.6
9698,0.6
9699,0.3
9700,0.3
9701,0.3
9702,0.6
9703,0
9704,0.6
9705,1.2
9706,0.6
9707,0.9
9708,0.3
9709,0
9710,0
9711,0
9712,0.3
9713,0.6
9714,0.6
9715,1.2
9716,0.9
9717,0
9718,0.9
9719,0.6
9720,0.9
9721,0.3
9722,0.6
9723,0.3
9724,0.3
9725,0.6
9726,0.3
9727,0.9
9728,0
9729,0.3
9730,0.3
9731,1.2
9732,0.3
9733,0
9734,0.9
9735,0.9
9736,0.9
9737,0.9
9738,0.6
9739,0
9740,0.6
9741,0.3
9742,0.9
9743,0.3
9744,0.3
9745,0.6
9746,0.9
9747,0.3
9748,0.6
9749,0.9
9750,0.3
9751,1.2
9752,0.3
9753,0.3
9754,0.3
9755,0.9
9756,1.2
9757,0.6
9758,0.6
9759,0.9
9760,0.9
9761,0.3
9762,0.9
9763,0
9764,0
9765,0.9
9766,0.9
9767,0.3
9768,0.6
9769,0.3
9770,0.3
9771,0.3
9772,0.3
9773,0
9774,0.9
9775,0.6
9776,0.9
9777,0.3
9778,0.3
9779,0.3
9780,0.3
9781,1.2
9782,0.6
9783,0.3
9784,0.6
9785,0.9
9786,0.3
9787,0.9
9788,0.9
9789,0.6
9790,0.3
9791,0.6
9792,0.3
9793,0.3
9794,0.3
9795,0.3
9796,1.2
9797,0
9798,0.9
9799,0.6
9800,0.6
9801,0.9
9802,0.6
9803,0.9
9804,0.9
9805,0.9
9806,0
9807,0.6
9808,0.3
9809,0.6
9810,0
9811,0.3
9812,0.6
9813,1.2
9814,0
9815,0.9
9816,0
9817,0.3
9818,0.9
9819,0.3
9820,0.3
9821,0.9
9822,0
9823,0.9
9824,0.6
9825,0.9
9826,0.3
9827,0
9828,1.2
9829,0.3
9830,0.9
9831,0.6
9832,0.6
9833,1.2
9834,0.6
9835,0
9836,0.6
9837,0.6
9838,0.9
9839,0.6
9840,0.3
9841,0.9
9842,0.3
9843,0.6
9844,0.3
9845,0.3
9846,0.6
9847,0.3
9848,0.6
9849,0.6
9850,0.3
9851,0.3
9852,1.2
9853,0
9854,0.6
9855,0.6
9856,0.3
9857,0.9
9858,0.9
9859,0.3
9860,0.9
9861,0
9862,0.9
9863,0
9864,0.6
9865,0.9
9866,0.9
9867,1.2
9868,0.6
9869,0.6
9870,0.9
9871,0.3
9872,0.3
9873,1.2
9874,0.6
9875,0.6
9876,0.6
9877,0.9
9878,0.6
9879,0.3
9880,0
9881,0.9
9882,0
9883,0.3
9884,0.6
9885,0
9886,0.3
9887,0.9
9888,0
9889,0.3
9890,0
9891,0.3
9892,0.3
9893,0.9
9894,0.6
9895,0.3
9896,0.3
9897,0
9898,0.3
9899,0.3
9900,0.3
9901,0.3
9902,0.3
9903,0.6
9904,0.9
9905,0.9
9906,1.2
9907,0.6
9908,0
9909,0.3
9910,0.3
9911,0
9912,0.6
9913,0.6
9914,0.3
9915,1.2
9916,0.9
9917,0.3
9918,0.6
9919,0.9
9920,0
9921,0.3
9922,0.3
9923,0.9
9924,1.2
9925,0.6
9926,0.6
9927,0.3
9928,0.9
9929,0.9
9930,1.2
9931,0.3
9932,0.6
9933,0.9
9934,0.3
9935,1.2
9936,0.6
9937,0.9
9938,0.3
9939,0.3
9940,0.9
9941,0
9942,0.9
9943,0.9
9944,0.6
9945,0.3
9946,0.3
9947,0.3
9948,0.6
9949,0.3
9950,1.2
9951,0
9952,0.6
9953,0
9954,0.6
9955,0.3
9956,0.6
9957,0.9
9958,0.3
9959,0
9960,0.3
9961,0.3
9962,0.6
9963,0.6
9964,0
9965,0.3
9966,0.9
9967,0.9
9968,0
9969,0.6
9970,0.9
9971,0.3
9972,1.2
9973,0
9974,0
9975,0
9976,0.3
9977,0.6
9978,0.6
9979,0.6
9980,0.3
9981,0
9982,0.9
9983,0.9